pdb_id,total_residues,peptide_chain_id,peptide_sequence,chain_res_str,fixed_chain_res_str
1BC5,274,A,XNWETF,[5-5/0 269-269],[5-5/0 B1-269]
1CA0,293,A,CGVPAIQPVLS,[11-11/0 131-131/0 97-97/0 54-54],[11-11/0 B1-131/0 C1-97/0 D1-54]
1DDV,110,A,TPPSPF,[6-6/0 104-104],[6-6/0 B1-104]
1DKD,157,A,WMTTPWGFLHP,[11-11/0 146-146],[11-11/0 B1-146]
1DZI,230,A,GPXGPXGFXGERGPXGPXGPXX,[15-15/0 185-185/0 15-15/0 15-15],[15-15/0 B1-185/0 C1-2/C4-5/C7-8/C10-14/C16-17/C19-20/0 D1-2/D4-5/D7-8/D10-14/D16-17/D19-20]
1EG4,273,A,NMTPYRSPPPYVP,[13-13/0 260-260],[13-13/0 B1-260]
1EGP,61,A,YNRVRVFYNPGTNVVNHVPHVG,[22-22/0 39-39],[22-22/0 B1-39]
1EKB,245,A,CGKKLVT,[7-7/0 235-235/0 3-3],[7-7/0 B1-235/0 C1-3]
1ELW,125,A,GPTIEEVD,[8-8/0 117-117],[8-8/0 B1-117]
1EMU,148,A,SEDDLLQECISSAMPK,[16-16/0 132-132],[16-16/0 B1-132]
1F47,161,A,KEPDYLDIPAFLRKQAD,[17-17/0 144-144],[17-17/0 B1-144]
1FO0,610,A,INFDFNTI,[8-8/0 115-115/0 112-112/0 276-276/0 99-99],[8-8/0 B1-115/0 C1-112/0 D1-276/0 E1-99]
1G6G,269,A,SLEVXEAD,[7-7/0 127-127/0 124-124/0 11-11],[7-7/0 B1-127/0 C1-124/0 D1-3/D5-12]
1GUX,327,A,DLYCYEQLN,[9-9/0 177-177/0 141-141],[9-9/0 B1-177/0 C1-141]
1GYB,252,A,GFSFG,[5-5/0 122-122/0 122-122/0 3-3],[5-5/0 B1-122/0 C1-122/0 D1-3]
1HJA,289,A,CGVPAIQPVL,[10-10/0 131-131/0 97-97/0 51-51],[10-10/0 B1-131/0 C1-97/0 D1-51]
1I3Z,112,A,SLTIXAQVQK,[9-9/0 103-103],[9-9/0 B1-103]
1IAK,380,A,STDYGILQINSRW,[13-13/0 182-182/0 185-185],[13-13/0 B1-182/0 C1-185]
1IM3,479,A,LLFGYPVYV,[9-9/0 275-275/0 100-100/0 95-95],[9-9/0 B1-275/0 C1-100/0 D1-95]
1J2X,88,A,SEADEMAKALEAELNDLM,[18-18/0 70-70],[18-18/0 B1-70]
1JBU,308,A,EEWEVLCWTWETCER,[15-15/0 239-239/0 54-54],[15-15/0 B1-239/0 C1-54]
1JDP,809,A,GCFGLKLDRIGSMSGLGC,[18-18/0 396-396/0 395-395],[18-18/0 B1-396/0 C1-395]
1JG3,220,A,VYPXHA,[5-5/0 215-215],[5-5/0 B1-215]
1JK4,170,A,CYFQNC,[6-6/0 79-79/0 79-79/0 6-6],[6-6/0 B1-79/0 C1-79/0 D1-6]
1JPL,164,A,SDEDLLHI,[8-8/0 156-156],[8-8/0 B1-1/B3-4/B6-76/B78-126/B128-140/B142-161]
1JXP,378,A,GSVVIVGRIILS,[12-12/0 177-177/0 177-177/0 12-12],[12-12/0 B1-177/0 C1-177/0 D1-12]
1LB5,163,A,QMPTEDEY,[8-8/0 155-155],[8-8/0 B1-155]
1LCK,172,A,EGQXQPQPA,[8-8/0 164-164],[8-8/0 B1-164]
1LM8,358,A,MLAXYIPMDDDFQLR,[14-14/0 106-106/0 88-88/0 150-150],[14-14/0 B1-106/0 C1-88/0 D1-150]
1LVM,242,A,XENLYFQ,[6-6/0 229-229/0 7-7],[6-6/0 B1-229/0 C1-7]
1LVM_dup1,242,A,EATQLMN,[7-7/0 229-229/0 6-6],[7-7/0 B1-229/0 C2-7]
1MF4,124,A,VAFRS,[5-5/0 119-119],[5-5/0 B1-119]
1MK7,200,A,HMWDTANNPLYKE,[13-13/0 187-187],[13-13/0 B1-187]
1N12,146,A,SDVAFRGNLLD,[11-11/0 135-135],[11-11/0 B1-34/B36-43/B45-118/B120-138]
1N4Q,665,A,KCVIL,[5-5/0 314-314/0 346-346],[5-5/0 B1-314/0 C1-346]
1NB5,326,A,EPQNCSAT,[8-8/0 220-220/0 98-98],[8-8/0 B1-220/0 D1-98]
1NVQ,269,A,ASVSA,[5-5/0 264-264],[5-5/0 B1-264]
1NX1,368,A,DAIDALSSDFT,[11-11/0 173-173/0 173-173/0 11-11],[11-11/0 B1-173/0 C1-173/0 D1-11]
1OAI,68,A,DSGFSFGSK,[9-9/0 59-59],[9-9/0 B1-59]
1OBY,160,A,NEFYA,[5-5/0 75-75/0 74-74/0 6-6],[5-5/0 B1-75/0 C1-74/0 D1-6]
1OJ5,119,A,LPPTEQDLTKLLLE,[14-14/0 105-105],[14-14/0 B1-105]
1OM9,153,A,DDFGGFEAAET,[11-11/0 142-142],[11-11/0 B1-142]
1OU8,234,A,GRHGAANDENY,[11-11/0 106-106/0 106-106/0 11-11],[11-11/0 B1-106/0 C1-106/0 D1-11]
1OV3,283,A,QPPSNPPPRPP,[11-11/0 134-134/0 127-127/0 11-11],[11-11/0 B1-134/0 C1-127/0 D1-11]
1PDQ,59,A,LATKAARXS,[8-8/0 51-51],[8-8/0 B1-51]
1PU9,178,A,ARKSTGGKAPRKQLA,[15-15/0 163-163],[15-15/0 B1-163]
1PZ5,443,A,MDWNMHAA,[8-8/0 215-215/0 220-220],[8-8/0 B1-215/0 C1-220]
1Q4Q,108,A,PPFISLN,[7-7/0 101-101],[7-7/0 B1-101]
1QD6,253,A,AVRGSIIANMLQE,[13-13/0 240-240],[13-13/0 B1-240]
1QO3,633,A,RGPGRAFVTI,[10-10/0 274-274/0 100-100/0 128-128/0 121-121],[10-10/0 B1-274/0 C1-100/0 D1-128/0 E1-121]
1R1Q,102,A,XREXVNV,[5-5/0 97-97],[5-5/0 B1-97]
1RFF,431,A,KLNYYD,[6-6/0 425-425],[6-6/0 B1-425]
1RTF,249,A,TCGLRQYS,[7-7/0 242-242],[7-7/0 B1-22/B24-184/B186-244]
1SE0,104,A,AIAYFIP,[7-7/0 97-97],[7-7/0 B1-97]
1SRN,124,A,PYVPVHFDASV,[11-11/0 113-113],[11-11/0 B1-113]
1SYQ,284,A,PLLQAAKGLAGAVSELLRSAQPASA,[25-25/0 259-259],[25-25/0 B1-259]
1T08,571,A,DADTLLHFATESTPD,[15-15/0 510-510/0 46-46],[15-15/0 B1-510/0 C1-46]
1T0J,299,A,QQLEEDLKGYLDWITQ,[16-16/0 96-96/0 187-187],[16-16/0 B1-96/0 C1-187]
1T2W,150,A,LPETG,[5-5/0 145-145],[5-5/0 B1-145]
1T6O,70,A,QDSRRSADALLRLQAMAGI,[19-19/0 49-49/0 2-2],[19-19/0 B1-49/0 C1-2]
1TK2,275,A,VXLXPVXLXP,[6-6/0 269-269],[6-6/0 B1-269]
1U00,236,A,ELPPVKIHC,[9-9/0 227-227],[9-9/0 B1-227]
1UCY,306,A,XDFLAEGGGVXPR,[11-11/0 109-109/0 150-150/0 36-36],[11-11/0 B1-109/0 C1-150/0 D1-36]
1UEF,224,A,TWIENKLXGM,[9-9/0 105-105/0 103-103/0 7-7],[9-9/0 B1-105/0 C1-103/0 D1-7]
1UHB,232,A,GKDSCQGDSX,[9-9/0 125-125/0 98-98],[9-9/0 B1-125/0 C1-98]
1UJ0,67,A,TPMVNRENK,[9-9/0 58-58],[9-9/0 B1-58]
1VZJ,132,A,LLTPPPPPLFPPPFF,[15-15/0 25-25/0 30-30/0 31-31/0 31-31],[15-15/0 B1-18/B20-26/0 C1-20/C22-31/0 D1-20/D22-32/0 E1-20/E22-32]
1W80,264,A,PKGWVTFE,[8-8/0 248-248/0 8-8],[8-8/0 B1-248/0 C1-8]
1W80_dup1,264,A,DGFKDSFD,[8-8/0 248-248/0 8-8],[8-8/0 B1-248/0 C1-8]
1X11,265,A,QNGYENPTYKFF,[12-12/0 126-126/0 114-114/0 13-13],[12-12/0 B2-31/B34-43/B45-46/B48-69/B72-90/B92-100/B102-135/0 C1-16/C19-28/C30-36/C38-59/C62-80/C82-85/C87-122/0 D1-13]
1XB7,448,A,SELLKYLTTX,[9-9/0 215-215/0 215-215/0 9-9],[9-9/0 B1-215/0 C1-215/0 D1-9]
1XXV,290,A,DADEXLX,[5-5/0 282-282/0 3-3],[5-5/0 B1-282/0 C1-2/C4-4]
1Y3A,311,A,SRVTWYDFLMED,[12-12/0 299-299],[12-12/0 B1-299]
1YRK,138,A,MALYSIXQPYVFA,[12-12/0 126-126],[12-12/0 B1-126]
1YY6,145,A,DPGEGPST,[8-8/0 137-137],[8-8/0 B1-137]
1YYP,538,A,RRLHLEPAFLPYSVKAHECCXX,[20-20/0 249-249/0 249-249/0 20-20],[20-20/0 B1-249/0 C1-249/0 D1-20]
1ZUK,141,A,RGPAPPPPPHR,[11-11/0 65-65/0 65-65],[11-11/0 B1-65/0 C1-65]
2A25,310,A,KPAAVVAPI,[9-9/0 146-146/0 146-146/0 9-9],[9-9/0 B1-146/0 C1-146/0 D1-9]
2AIK,280,A,LCTPSRA,[6-6/0 274-274],[6-6/0 C1-274]
2AKA,1069,A,TRLVPR,[6-6/0 764-764/0 299-299],[6-6/0 B1-764/0 C1-299]
2ARR,372,A,XTEAAAGMGGVMTGR,[14-14/0 358-358],[14-14/0 B1-358]
2AST,545,A,AGSVEQXPKK,[9-9/0 142-142/0 325-325/0 69-69],[9-9/0 B1-142/0 C1-325/0 D1-69]
2BBA,199,A,NYLFSPNGPIARAW,[14-14/0 185-185],[14-14/0 B1-185]
2BP3,108,A,RGSLPTFRSSLFLWVRPN,[17-17/0 91-91],[17-17/0 B1-3/B5-92]
2BUO,96,A,ITFEDLLDYYGP,[12-12/0 84-84],[12-12/0 B1-84]
2C5K,111,A,KSLRVSSLNKDRRLLLREFYNLX,[22-22/0 89-89],[22-22/0 B1-89]
2C77,409,A,SXXXVXGXXXXXSPX,[5-5/0 404-404],[5-5/0 B1-404]
2CE8,683,A,MFSIDNILA,[9-9/0 337-337/0 337-337],[9-9/0 B1-337/0 C1-337]
2CNY,142,A,GSFLPNSEQQKSVDAVFSSP,[19-19/0 123-123],[19-19/0 B1-123]
2CVY,1294,A,FTFNEDF,[7-7/0 640-640/0 640-640/0 7-7],[7-7/0 B1-640/0 C1-640/0 D1-7]
2D5W,607,A,ASKPK,[5-5/0 602-602],[5-5/0 B1-602]
2DEW,1268,A,TARKS,[5-5/0 629-629/0 5-5/0 629-629],[5-5/0 B1-629/0 C1-5/0 G1-629]
2DRM,134,A,AKPVPPPRGAKPAPPPRTXX,[18-18/0 58-58/0 58-58],[18-18/0 B1-58/0 C1-58]
2DS8,96,A,ALRVVK,[6-6/0 43-43/0 41-41/0 6-6],[6-6/0 B1-43/0 C1-41/0 D1-6]
2F31,248,A,DETGVMDSLLEALQSGAAFR,[20-20/0 228-228],[20-20/0 B1-228]
2FF4,386,A,SLEVXEAD,[7-7/0 379-379],[7-7/0 B1-379]
2FFF,468,A,ISEITYSDGTVIASI,[15-15/0 453-453],[15-15/0 B1-453]
2FGE,965,A,AALTRA,[6-6/0 959-959],[6-6/0 B1-35/B37-163/B165-243/B245-284/B286-311/B313-366/B368-386/B388-408/B410-419/B421-466/B468-491/B493-589/B591-636/B638-647/B649-673/B675-689/B691-692/B694-699/B701-703/B705-747/B749-979]
2FKA,138,A,VDDLLDSLGF,[10-10/0 128-128],[10-10/0 B1-128]
2FYM,873,A,ASPELASGKVWIRYP,[15-15/0 431-431/0 427-427],[15-15/0 B1-431/0 C1-427]
2G1T,279,A,EIFGEFEAX,[8-8/0 271-271],[8-8/0 B1-271]
2G9H,594,A,PKYVKQNTLKLATX,[13-13/0 178-178/0 190-190/0 213-213],[13-13/0 B1-178/0 C1-190/0 D1-213]
2GFA,113,A,ARTXQTA,[6-6/0 107-107],[6-6/0 B1-107]
2H1C,316,A,VRLGSMLASIGQEIGGVEL,[19-19/0 139-139/0 139-139/0 19-19],[19-19/0 B1-139/0 C1-139/0 D1-19]
2HDX,116,A,TPDXELLTE,[8-8/0 108-108],[8-8/0 B1-108]
2HMH,129,A,STVEXSTVVHS,[10-10/0 119-119],[10-10/0 B1-68/B70-90/B92-121]
2HO2,43,A,PPPPPPPPPL,[10-10/0 33-33],[10-10/0 B1-33]
2HPL,105,A,DDLYG,[5-5/0 100-100],[5-5/0 B1-100]
2HT9,227,A,LGTENLYFQSME,[12-12/0 104-104/0 111-111],[12-12/0 B1-104/0 C1-111]
2I04,182,A,RETQV,[5-5/0 85-85/0 85-85/0 7-7],[5-5/0 B1-85/0 C1-85/0 D1-7]
2IFR,210,A,XFKFXALRX,[6-6/0 204-204],[6-6/0 B1-204]
2IV9,478,A,SFGDGFADF,[9-9/0 236-236/0 233-233],[9-9/0 B1-236/0 C1-233]
2IVZ,407,A,GASDGSGWSSENNPW,[15-15/0 392-392],[15-15/0 B1-392]
2IZX,98,A,QIEYLAKQIVDNAIQQAK,[18-18/0 39-39/0 41-41],[18-18/0 B1-39/0 C1-41]
2JET,230,A,QACGVPTIQPVL,[12-12/0 125-125/0 93-93],[12-12/0 B1-125/0 C1-93]
2JGC,188,A,RIIYDRKFLMECRNSPV,[16-16/0 172-172],[16-16/0 B1-172]
2JKG,173,A,PPPPPPPP,[8-8/0 165-165],[8-8/0 B1-165]
2MIP,210,A,FVFLEIX,[6-6/0 99-99/0 99-99/0 6-6],[6-6/0 B1-99/0 C1-99/0 D1-6]
2NM1,447,A,EDMFAKLKDKFFNEINK,[17-17/0 430-430],[17-17/0 B1-430]
2NNU,221,A,ATIDMNFQSDLLSIFEENLF,[20-20/0 201-201],[20-20/0 B1-201]
2OI9,405,A,QLSPFPFDL,[9-9/0 175-175/0 110-110/0 111-111],[9-9/0 B1-175/0 C1-110/0 D1-111]
2OTW,244,A,QQQQQQQQQQG,[11-11/0 115-115/0 118-118],[11-11/0 B1-115/0 C1-118]
2P0W,334,A,KGGKGLGKGGAKRHR,[15-15/0 319-319],[15-15/0 B1-319]
2P1N,710,A,QVVGWPPVRNYRK,[13-13/0 126-126/0 571-571],[13-13/0 B1-126/0 C1-571]
2P1O,711,A,QVVGWPPVRNYRK,[13-13/0 127-127/0 571-571],[13-13/0 B1-127/0 C1-571]
2P6B,1026,A,PHPVIVITGPHEEX,[13-13/0 357-357/0 146-146/0 357-357/0 153-153],[13-13/0 B1-357/0 C1-146/0 D1-357/0 E1-153]
2PAV,513,A,GGPPPAPPLPAAQ,[13-13/0 361-361/0 139-139],[13-13/0 B1-59/B61-362/0 C1-139]
2PCU,310,A,FNRPVD,[5-5/0 305-305],[5-5/0 B1-305]
2PEH,114,A,KRKSRWDETP,[10-10/0 104-104],[10-10/0 B1-104]
2PIE,138,A,ELKXERY,[6-6/0 132-132],[6-6/0 B1-132]
2PUY,129,A,ARTKQTARKS,[10-10/0 59-59/0 60-60],[10-10/0 B1-59/0 C1-60]
2PV1,110,A,WEYIPNV,[7-7/0 103-103],[7-7/0 B1-103]
2Q0N,304,A,RRRRRSWYFDGX,[11-11/0 293-293],[11-11/0 B1-176/B178-294]
2Q8Y,220,A,QYFMXEXVA,[7-7/0 213-213],[7-7/0 B1-213]
2QAC,158,A,XLMRVQAHIRKRMVA,[14-14/0 144-144],[14-14/0 B1-144]
2QBW,197,A,PQPVDSWV,[8-8/0 189-189],[8-8/0 B1-189]
2QKI,1120,A,XICVWQDWGAHRCTX,[13-13/0 631-631/0 184-184/0 292-292],[13-13/0 B1-631/0 C1-184/0 D1-292]
2QN6,501,A,SSEKEYVEMLDRLYSKLP,[18-18/0 393-393/0 90-90],[18-18/0 B1-393/0 C1-90]
2QOS,184,A,LRYDSTAERLY,[11-11/0 173-173],[11-11/0 B1-173]
2QYF,390,A,SWYSYPPPQRA,[11-11/0 196-196/0 183-183],[11-11/0 B1-187/B189-197/0 C1-1/C3-26/C28-111/C113-124/C126-129/C131-188]
2R7G,702,A,PPTLHELYDL,[10-10/0 336-336/0 337-337/0 10-10/0 9-9],[10-10/0 B1-336/0 C1-337/0 D1-10/0 E1-9]
2RI7,173,A,ARTXQT,[5-5/0 168-168],[5-5/0 B1-168]
2RL0,106,A,GQVTTESNLVEFDEEST,[17-17/0 89-89],[17-17/0 B1-89]
2V2F,381,A,SSKIYDNKNQLIADLG,[15-15/0 366-366],[15-15/0 B1-366]
2V3S,101,A,GRFQV,[5-5/0 96-96],[5-5/0 B1-96]
2V83,237,A,ARTXQTARK,[8-8/0 71-71/0 79-79/0 71-71/0 8-8],[8-8/0 B1-71/0 C1-79/0 D1-71/0 E1-3/E5-9]
2VIF,139,A,NNXVYIDPT,[8-8/0 131-131],[8-8/0 B1-131]
2VPE,97,A,ARTXQTA,[6-6/0 61-61/0 30-30],[6-6/0 B1-61/0 C1-30]
2VPG,96,A,AXTXQTA,[5-5/0 61-61/0 30-30],[5-5/0 B1-61/0 C1-30]
2VR3,320,A,HHLGGAKQAGAV,[12-12/0 308-308],[12-12/0 B1-308]
2VZD,139,A,DDLDALLADLES,[12-12/0 127-127],[12-12/0 B1-127]
2W2U,86,A,RELLPELPHPP,[11-11/0 75-75],[11-11/0 B1-75]
2W9R,108,A,LVKSKATNLLY,[11-11/0 97-97],[11-11/0 B1-97]
2WHX,596,A,ADLSLEKAANVQWD,[14-14/0 582-582],[14-14/0 B1-582]
2WHY,289,A,XGTXGTXGTX,[6-6/0 283-283],[6-6/0 B1-283]
2WOK,559,A,RPPGFR,[6-6/0 553-553],[6-6/0 B1-553]
2WV4,205,A,XAPAKQLLNF,[9-9/0 196-196],[9-9/0 B1-196]
2XPN,158,A,SHMFFEIFGTGEEYRYVLES,[20-20/0 138-138],[20-20/0 B1-138]
2XRW,361,A,RPSRDHLYLPLE,[12-12/0 349-349],[12-12/0 B1-349]
2XS8,706,A,AYDPARKLL,[9-9/0 697-697],[9-9/0 B1-697]
2XVC,69,A,IPLPIPVKVINTL,[13-13/0 56-56],[13-13/0 B1-56]
2Y65,680,A,PQAQIAKPIRSG,[12-12/0 328-328/0 328-328/0 12-12],[12-12/0 B1-328/0 C1-328/0 D1-12]
2YCH,339,A,MIRLNLLP,[8-8/0 331-331],[8-8/0 B1-40/B42-43/B45-87/B89-92/B94-132/B134-336]
2YKT,474,A,GTVQNPYADVKTX,[12-12/0 225-225/0 225-225/0 12-12],[12-12/0 B1-225/0 C1-225/0 D1-12]
2YMT,128,A,EWGPWVX,[6-6/0 122-122],[6-6/0 B1-122]
2Z3N,470,A,FRYLG,[5-5/0 230-230/0 230-230/0 5-5],[5-5/0 B1-230/0 C1-230/0 D1-5]
2Z5S,103,A,ETFSDLWKLLP,[11-11/0 92-92],[11-11/0 B1-92]
3AA0,532,A,RLEHFTKLRPKRNKKQQPT,[19-19/0 270-270/0 243-243],[19-19/0 B1-270/0 C1-243]
3AGY,373,A,GPTIEEV,[7-7/0 176-176/0 176-176/0 8-8/0 6-6],[7-7/0 B1-176/0 C1-176/0 D1-8/0 E1-6]
3AP2,615,A,EDFEDYEFD,[9-9/0 300-300/0 297-297/0 9-9],[9-9/0 B1-300/0 C1-297/0 D1-9]
3ASL,77,A,ARTKQTARKX,[9-9/0 68-68],[9-9/0 B1-68]
3AT0,329,A,WNSGSSGTGSTG,[12-12/0 317-317],[12-12/0 B1-317]
3AV9,316,A,SAKIDNLD,[8-8/0 150-150/0 150-150/0 8-8],[8-8/0 B1-150/0 C1-150/0 D1-8]
3AWR,85,A,GPRLSRLLSSAG,[12-12/0 73-73],[12-12/0 B1-73]
3BEF,304,A,NDKYEPFWE,[9-9/0 44-44/0 251-251],[9-9/0 B1-44/0 C1-251]
3BG4,285,A,CGVPAIQPVLS,[11-11/0 131-131/0 97-97/0 46-46],[11-11/0 B1-131/0 C1-97/0 D1-46]
3BL2,150,A,TMENLSRRLKVTGDLFDIM,[19-19/0 131-131],[19-19/0 B1-131]
3C2G,611,A,GDEVKVFR,[8-8/0 603-603],[8-8/0 B2-20/B22-25/B27-46/B48-103/B105-132/B134-148/B150-184/B186-231/B233-409/B412-443/B445-450/B452-531/B533-591/B593-618]
3C3O,370,A,DEEALKQLAEWVS,[13-13/0 357-357],[13-13/0 B1-357]
3CD3,357,A,XIYESL,[5-5/0 352-352],[5-5/0 B1-244/B246-353]
3CDW,477,A,PNQKPRVPT,[9-9/0 468-468],[9-9/0 B1-468]
3CVP,285,A,NRASKL,[6-6/0 279-279],[6-6/0 B1-279]
3D2U,571,A,ALPHAILRL,[9-9/0 281-281/0 99-99/0 182-182],[9-9/0 B1-281/0 C1-99/0 D1-182]
3D9K,147,A,YXPTXPSYXX,[6-6/0 141-141],[6-6/0 B1-141]
3D9T,94,A,ATPFQ,[4-4/0 90-90],[4-4/0 B1-90]
3DD7,140,A,AEFASLFDTLDSTNKEXVX,[17-17/0 123-123],[17-17/0 B1-123]
3DDB,429,A,RRATKMX,[6-6/0 423-423],[6-6/0 B1-423]
3DKS,381,A,XPIPFLXQK,[7-7/0 188-188/0 186-186],[7-7/0 B1-188/0 C1-186]
3DPC,906,A,HAXPPKKEAD,[9-9/0 449-449/0 448-448],[9-9/0 B1-449/0 C1-448]
3DRG,571,A,RPPGFSPFA,[9-9/0 562-562],[9-9/0 B1-562]
3ECH,288,A,RDYTEQLRRAARRNAWDLYGEHFY,[24-24/0 129-129/0 135-135],[24-24/0 B1-129/0 C1-135]
3ESK,136,A,GPTIEEVD,[8-8/0 128-128],[8-8/0 B1-128]
3EU7,326,A,LGPISLNWFEELSS,[14-14/0 312-312],[14-14/0 B1-253/B255-313]
3F9Z,164,A,KRHRKVLR,[8-8/0 156-156],[8-8/0 B1-156]
3FHV,306,A,SXDXDNKEXX,[6-6/0 150-150/0 150-150],[6-6/0 B1-150/0 C1-150]
3FMA,85,A,APPPGLS,[7-7/0 78-78],[7-7/0 B1-22/B25-61/B63-81]
3FP2,488,A,MEEVD,[5-5/0 483-483],[5-5/0 B1-483]
3FP7,281,A,RPDFCLEPPYTGPCKX,[15-15/0 223-223/0 43-43],[15-15/0 B1-223/0 C1-43]
3G7L,61,A,KQTARXS,[6-6/0 55-55],[6-6/0 B1-55]
3GL6,118,A,ARTXQTAR,[7-7/0 52-52/0 52-52/0 7-7],[7-7/0 B1-52/0 C1-52/0 D1-3/D5-8]
3GXV,293,A,IKNASIKRKLFGLANTIREQAL,[22-22/0 122-122/0 123-123/0 26-26],[22-22/0 B1-122/0 C1-123/0 D1-26]
3GZ1,309,A,SNILIPELKAPKS,[13-13/0 144-144/0 142-142/0 10-10],[13-13/0 B1-144/0 C1-142/0 D1-10]
3GZE,405,A,PSPSPS,[6-6/0 213-213/0 186-186],[6-6/0 B1-213/0 C1-186]
3HDS,230,A,ASWSA,[5-5/0 116-116/0 109-109],[5-5/0 B1-116/0 C1-109]
3I5R,90,A,KRPLPPLPS,[9-9/0 81-81],[9-9/0 B1-81]
3IK5,267,A,AYQQGQNQLYNELNL,[15-15/0 119-119/0 16-16/0 117-117],[15-15/0 B1-119/0 C1-16/0 D1-117]
3IVB,148,A,ASADSTTEGTP,[11-11/0 137-137],[11-11/0 B1-137]
3JRV,148,A,KSSFFSDRG,[9-9/0 139-139],[9-9/0 B1-52/B54-74/B76-124/B126-142]
3K27,366,A,TARXSTG,[6-6/0 360-360],[6-6/0 B1-360]
3KMT,126,A,ARXSAPAT,[7-7/0 119-119],[7-7/0 B1-119]
3KV4,444,A,ARTXQTARXSTGGK,[12-12/0 432-432],[12-12/0 B1-432]
3L41,219,A,KPXQEL,[5-5/0 214-214],[5-5/0 B1-214]
3L6X,452,A,DEEGGGEEDQDFDLSQLH,[18-18/0 434-434],[18-18/0 B1-434]
3LIY,239,A,APQVXVMH,[7-7/0 116-116/0 116-116],[7-7/0 B1-116/0 C1-116]
3LQI,181,A,ARTXQT,[5-5/0 176-176],[5-5/0 B1-176]
3M5A,253,A,XSKSXDRKY,[7-7/0 246-246],[7-7/0 B1-246]
3MAZ,108,A,NSXENVLIAKX,[9-9/0 99-99],[9-9/0 B1-99]
3ME9,356,A,ARTXQTARX,[7-7/0 172-172/0 174-174/0 3-3],[7-7/0 B1-6/B8-14/B16-174/0 C1-4/C6-12/C14-176/0 D1-3]
3MHR,488,A,RAHXSPASLQ,[9-9/0 235-235/0 235-235/0 9-9],[9-9/0 B1-42/B44-236/0 C1-42/C44-236/0 D1-3/D5-10]
3MK4,302,A,ADRELEELLESALDDFD,[17-17/0 285-285],[17-17/0 B1-285]
3MO8,138,A,PATGGVXKPHRY,[11-11/0 127-127],[11-11/0 B1-127]
3N2D,252,A,SDDDMG,[6-6/0 246-246],[6-6/0 B1-246]
3N5E,529,A,LSCQLYQR,[8-8/0 260-260/0 261-261],[8-8/0 B1-17/B19-132/B134-147/B149-263/0 C1-17/C19-147/C149-263]
3N9O,495,A,ARTXQT,[5-5/0 483-483/0 7-7],[5-5/0 B1-483/0 C1-5/C7-8]
3N9O_dup1,495,A,KQTARXST,[7-7/0 483-483/0 5-5],[7-7/0 B1-483/0 C1-3/C5-6]
3NJI,126,A,PQIINRP,[7-7/0 119-119],[7-7/0 B1-119]
3OBU,151,A,PEPTAPPEE,[9-9/0 142-142],[9-9/0 B1-142]
3OMG,218,A,GRAXGQ,[5-5/0 213-213],[5-5/0 B1-213]
3P72,280,A,CTERMALHNLC,[11-11/0 269-269],[11-11/0 B1-269]
3PLV,101,A,SLSIEETNELRASLGLKLIPP,[21-21/0 80-80],[21-21/0 B1-80]
3POA,102,A,TAPXEKI,[6-6/0 96-96],[6-6/0 B1-96]
3Q78,799,A,PTASACNIQ,[9-9/0 312-312/0 478-478],[9-9/0 B1-312/0 C1-478]
3QHR,578,A,PKTPKKAKKLX,[10-10/0 297-297/0 261-261/0 10-10],[10-10/0 B1-161/B163-298/0 C1-261/0 D1-10]
3QIS,306,A,PFARLHECYGQEI,[13-13/0 293-293],[13-13/0 B1-293]
3QLA,136,A,ARTKQTARXS,[9-9/0 127-127],[9-9/0 B1-127]
3R0L,193,A,NCQQPC,[6-6/0 33-33/0 32-32/0 122-122],[6-6/0 B1-33/0 C1-32/0 D1-122]
3R42,164,A,QVPSDPYN,[8-8/0 156-156],[8-8/0 B1-156]
3R7G,173,A,YKIKPRHDSGIKAKISMKT,[19-19/0 154-154],[19-19/0 B1-154]
3RC0,426,A,ETFKSI,[6-6/0 420-420],[6-6/0 B1-420]
3RDV,78,A,DSWKDGCY,[8-8/0 70-70],[8-8/0 B1-70]
3RO3,176,A,QVDSVQRWMEDLKLMTE,[17-17/0 159-159],[17-17/0 B1-159]
3ROF,165,A,HHHHHGS,[7-7/0 158-158],[7-7/0 B1-158]
3RQG,825,A,ATRELDELMASL,[12-12/0 197-197/0 201-201/0 212-212/0 203-203],[12-12/0 B1-197/0 C1-201/0 D1-212/0 E1-203]
3RU4,522,A,CGVPAIQPVLS,[11-11/0 61-61/0 131-131/0 96-96/0 223-223],[11-11/0 C1-61/0 D1-131/0 E1-96/0 G1-223]
3S1T,325,A,EATVYAGTGRL,[11-11/0 158-158/0 156-156],[11-11/0 B1-158/0 C1-156]
3S4S,553,A,PKYVKQNTLKLAT,[13-13/0 178-178/0 186-186/0 176-176],[13-13/0 B1-178/0 C1-186/0 D1-176]
3S9C,241,A,IAAWYLR,[7-7/0 234-234],[7-7/0 B1-234]
3SFJ,113,A,ANSRWPTSII,[10-10/0 103-103],[10-10/0 B1-103]
3SHV,194,A,QAXQEY,[5-5/0 189-189],[5-5/0 B1-189]
3SI5,170,A,SSENKIDFNDFIKRLKTG,[18-18/0 152-152],[18-18/0 B1-152]
3SO6,150,A,SINFDNPVYQKTT,[13-13/0 137-137],[13-13/0 B1-137]
3SOQ,312,A,XNSNAIKNX,[7-7/0 305-305],[7-7/0 B1-305]
3SQD,220,A,KKATQAXQEY,[9-9/0 211-211],[9-9/0 B1-211]
3T1U,167,A,XAFPFX,[4-4/0 163-163],[4-4/0 B1-163]
3T7G,298,A,DIDELIQDMEIK,[12-12/0 286-286],[12-12/0 B1-286]
3TDI,414,A,XMLKLRQLQKKKQ,[12-12/0 202-202/0 200-200],[12-12/0 B1-202/0 C1-200]
3TDU,283,A,XMIKLFSLKQQKKEEE,[15-15/0 193-193/0 75-75],[15-15/0 B1-193/0 C1-75]
3TDZ,275,A,XXIKLXSLKXQK,[8-8/0 191-191/0 76-76],[8-8/0 B1-191/0 C1-76]
3TG5,433,A,HLKSKKGQ,[8-8/0 425-425],[8-8/0 B1-425]
3TOD,341,A,LEACAF,[6-6/0 335-335],[6-6/0 B1-335]
3TZ1,95,A,GLSPEKKKMLKKLIMQKAAEDLAN,[24-24/0 71-71],[24-24/0 B1-71]
3TZX,474,A,KENFWGMAV,[9-9/0 465-465],[9-9/0 B1-465]
3UEF,282,A,ARTKQ,[5-5/0 136-136/0 137-137/0 4-4],[5-5/0 B1-136/0 C1-137/0 D1-4]
3ULR,206,A,SSVVPYLPRLPIL,[13-13/0 129-129/0 64-64],[13-13/0 B1-129/0 C1-64]
3UOT,122,A,EDXQXIDW,[6-6/0 116-116],[6-6/0 B1-40/B42-117]
3UP0,255,A,ENALLRYLLDKDD,[13-13/0 242-242],[13-13/0 B1-242]
3UPV,132,A,PTVEEVD,[7-7/0 125-125],[7-7/0 B1-125]
3UVX,132,A,GXGGAXR,[5-5/0 127-127],[5-5/0 B1-127]
3V31,183,A,XLPLYTSPSLPNITLGLP,[17-17/0 166-166],[17-17/0 B1-166]
3V7D,597,A,FNGLTXPQRX,[8-8/0 139-139/0 450-450],[8-8/0 B1-139/0 C1-450]
3VI1,472,A,RPKPQQ,[6-6/0 466-466],[6-6/0 B1-466]
3VIV,446,A,NVIVLMLP,[8-8/0 219-219/0 219-219],[8-8/0 B1-219/0 C1-219]
3VRR,298,A,QRXSSDPT,[7-7/0 291-291],[7-7/0 B1-291]
3VXF,296,A,DFEEIPEEYL,[10-10/0 257-257/0 2-2/0 27-27],[10-10/0 B1-257/0 C2-3/0 D1-27]
3W1B,599,A,VPQWEVFFKR,[10-10/0 589-589],[10-10/0 B1-589]
3W6K,184,A,RALLFTKPPSDLSAY,[15-15/0 82-82/0 87-87],[15-15/0 B1-82/0 C1-87]
3WBN,469,A,AFTFRYSPSLYTWFLFPCG,[19-19/0 450-450],[19-19/0 B1-450]
3WGX,116,A,HGEVCPA,[7-7/0 109-109],[7-7/0 B1-109]
3WMG,605,A,XXLDQIVWFNAPGDLHLCX,[16-16/0 589-589],[16-16/0 B1-589]
3WOO,1404,A,VYIHP,[5-5/0 697-697/0 697-697/0 5-5],[5-5/0 B1-697/0 C1-697/0 D1-5]
3WP0,195,A,LSRVKXLKKSLRQSFX,[14-14/0 181-181],[14-14/0 B1-181]
3WSR,130,A,AEDDVVTPGC,[10-10/0 120-120],[10-10/0 B1-120]
3WUT,110,A,LAVGPPSLNYIPP,[13-13/0 53-53/0 44-44],[13-13/0 B1-53/0 C1-44]
3WV0,126,A,GPATPAP,[7-7/0 119-119],[7-7/0 B1-119]
3WXA,179,A,NPPPPGFIMHGNX,[12-12/0 167-167],[12-12/0 B1-167]
3ZNI,620,A,SDGXTPEPA,[8-8/0 389-389/0 146-146/0 77-77],[8-8/0 B1-325/B327-390/0 C1-146/0 D1-77]
3ZQG,442,A,RGRWQVWGLAKRC,[13-13/0 208-208/0 208-208/0 13-13],[13-13/0 B1-208/0 C1-208/0 D1-13]
3ZRJ,174,A,QGSLLDEIMAQTRC,[14-14/0 160-160],[14-14/0 B1-160]
4A2A,386,A,DIPAIYRYGLEGLL,[14-14/0 372-372],[14-14/0 B1-372]
4A5X,87,A,MEDQLSRRLAALRNX,[14-14/0 73-73],[14-14/0 B1-73]
4A62,333,A,DEETKKNAMKLIN,[13-13/0 320-320],[13-13/0 B1-320]
4APH,589,A,DRVYIHPF,[7-7/0 582-582],[7-7/0 B1-582]
4APO,148,A,AEDDVE,[6-6/0 142-142],[6-6/0 B1-142]
4AU7,251,A,RHRXVLRDY,[8-8/0 243-243],[8-8/0 B1-243]
4B45,347,A,MWHSDDLDDLLGS,[13-13/0 334-334],[13-13/0 B1-334]
4B4N,151,A,PVLFPGQPFGQPPLG,[15-15/0 136-136],[15-15/0 B1-136]
4B60,313,A,QQHHLGGAKQAGDV,[14-14/0 299-299],[14-14/0 B1-236/B238-300]
4B7E,732,A,EVVKLLLEHGADVLAQD,[17-17/0 349-349/0 349-349/0 17-17],[17-17/0 B1-349/0 C1-349/0 D1-17]
4B9W,401,A,AGXGLVFR,[7-7/0 196-196/0 191-191/0 7-7],[7-7/0 B1-196/0 C1-191/0 D1-2/D4-8]
4BJT,159,A,IRIPIFN,[7-7/0 152-152],[7-7/0 B1-152]
4BL0,387,A,PTSMEMXEVFPR,[11-11/0 331-331/0 45-45],[11-11/0 B1-331/0 C1-45]
4BOS,485,A,TLTGKTIX,[7-7/0 164-164/0 164-164/0 76-76/0 74-74],[7-7/0 B1-164/0 C1-164/0 D1-76/0 E1-74]
4BQD,97,A,XFQSKPNVHVDGYFERLXAKL,[19-19/0 78-78],[19-19/0 B1-78]
4BT9,483,A,PPGPPGPPG,[9-9/0 236-236/0 238-238],[9-9/0 B1-236/0 C1-238]
4BU1,195,A,GYGRVESXPPAFLP,[13-13/0 182-182],[13-13/0 B1-182]
4BXF,864,A,GCLHHHRIN,[9-9/0 425-425/0 422-422/0 8-8],[9-9/0 B1-425/0 C1-422/0 D1-8]
4C1Q,179,A,ARTXQTA,[6-6/0 173-173],[6-6/0 B1-173]
4C2F,433,A,AAAASAA,[7-7/0 423-423/0 3-3],[7-7/0 B1-6/B8-37/B39-49/B51-74/B76-109/B111-131/B133-297/B299-350/B352-380/B382-385/B387-433/0 C1-3]
4C5A,618,A,ENLYFQGA,[8-8/0 306-306/0 304-304],[8-8/0 B1-306/0 C1-304]
4CGQ,95,A,SRMEEVD,[7-7/0 88-88],[7-7/0 B2-45/B47-59/B61-91]
4CGU,196,A,SRMEEVD,[7-7/0 109-109/0 80-80],[7-7/0 B1-1/B3-46/B48-60/B62-112/0 C1-7/C9-81]
4CH9,295,A,EPEEPEADQ,[9-9/0 286-286],[9-9/0 B1-286]
4CIC,281,A,AAAAAA,[6-6/0 138-138/0 137-137],[6-6/0 B1-138/0 C1-137]
4CIM,166,A,AADPLGQALRAIGDEFETRFR,[21-21/0 145-145],[21-21/0 B1-145]
4CRI,249,A,IYISPLX,[6-6/0 119-119/0 119-119/0 5-5],[6-6/0 B1-119/0 C1-119/0 D1-5]
4CU4,714,A,GGAGHVPEYFVGIGTPISFYG,[21-21/0 693-693],[21-21/0 B1-693]
4CYD,460,A,AHHHHDYDIPTTENLYFQGHM,[21-21/0 225-225/0 214-214],[21-21/0 B1-225/0 C1-214]
4DCB,288,A,KCPGRVVGGCK,[11-11/0 277-277],[11-11/0 B1-277]
4DLQ,368,A,TNFAVLMAHREIYHH,[15-15/0 353-353],[15-15/0 B1-353]
4DOW,168,A,GAKRHRXVLRDN,[11-11/0 157-157],[11-11/0 B1-157]
4DS1,193,A,YAESGIQTDL,[10-10/0 86-86/0 86-86/0 11-11],[10-10/0 B1-86/0 C1-86/0 D1-11]
4DVF,376,A,XXXLAXX,[2-2/0 374-374],[2-2/0 B1-374]
4E5X,483,A,LLFGYPVYV,[9-9/0 275-275/0 100-100/0 99-99],[9-9/0 B1-275/0 C1-100/0 D1-99]
4EQ0,205,A,ATIMMQR,[7-7/0 198-198],[7-7/0 B1-198]
4ETO,193,A,DAMNREVSSLKNKL,[14-14/0 88-88/0 91-91],[14-14/0 B1-88/0 C1-91]
4EXT,317,A,RTANILKPLMSPPSREEIMATLL,[23-23/0 96-96/0 198-198],[23-23/0 B1-96/0 C1-198]
4F02,195,A,TIRIRDPNQGGKDITEEIMS,[20-20/0 175-175],[20-20/0 B1-175]
4FVL,382,A,QFAERYLRSYYHPTX,[14-14/0 368-368],[14-14/0 B1-368]
4GEQ,166,A,KDPNEVRSFLQDLSQVLAR,[19-19/0 89-89/0 58-58],[19-19/0 B1-89/0 C1-58]
4GKV,1354,A,AIPNPLLGLA,[10-10/0 336-336/0 336-336/0 336-336/0 336-336],[10-10/0 B1-336/0 C1-336/0 D1-336/0 E1-336]
4GNE,104,A,ARTKQT,[6-6/0 98-98],[6-6/0 B1-98]
4GUS,778,A,DPHFHHFLLSQT,[12-12/0 746-746/0 20-20],[12-12/0 B1-746/0 C1-20]
4GUS_dup1,778,A,ARTMQTARKSTGGKAPRKQL,[20-20/0 746-746/0 12-12],[20-20/0 B1-746/0 C1-12]
4GVC,101,A,TKQEEFXAXXX,[7-7/0 94-94],[7-7/0 B1-94]
4GXL,154,A,NPGLAYGNPYS,[11-11/0 143-143],[11-11/0 B1-143]
4GYO,726,A,ERGMT,[5-5/0 357-357/0 359-359/0 5-5],[5-5/0 B1-357/0 C1-359/0 D1-5]
4H4F,312,A,CGVPSFPPNL,[10-10/0 239-239/0 63-63],[10-10/0 B1-239/0 C1-63]
4HH6,171,A,WDSVYASLFEKINL,[14-14/0 157-157],[14-14/0 B1-157]
4HTP,231,A,DVPQWEVFFK,[10-10/0 221-221],[10-10/0 B1-221]
4IGA,132,A,DVLSQEEINQLIEALM,[16-16/0 116-116],[16-16/0 B1-116]
4IIO,132,A,XWRGSLSYLKGPLXX,[12-12/0 63-63/0 57-57],[12-12/0 B1-63/0 C1-57]
4IKN,254,A,DYQRL,[5-5/0 249-249],[5-5/0 B1-249]
4IOI,562,A,CQFDLSTRRLKC,[12-12/0 214-214/0 220-220/0 63-63/0 53-53],[12-12/0 B1-214/0 C1-220/0 D1-63/0 E1-53]
4J1V,190,A,ALPAWARPD,[9-9/0 166-166/0 15-15],[9-9/0 B1-166/0 C1-15]
4J2C,120,A,AHGMLKLYYGLS,[12-12/0 108-108],[12-12/0 B1-108]
4J2J,133,A,RSVAVFPWHSLVPFL,[15-15/0 118-118],[15-15/0 B1-7/B9-11/B13-36/B38-121]
4J8G,309,A,AASFIDAKKMP,[11-11/0 298-298],[11-11/0 B1-298]
4J8S,192,A,RRLPIFNRISVS,[12-12/0 180-180],[12-12/0 B1-180]
4JL0,141,A,TGVALTPPS,[9-9/0 132-132],[9-9/0 B1-132]
4JOJ,95,A,SRFPTSII,[8-8/0 87-87],[8-8/0 B1-87]
4K0U,220,A,RTFRQVQSSISDFYD,[15-15/0 95-95/0 95-95/0 15-15],[15-15/0 B1-95/0 C1-95/0 D1-15]
4K39,371,A,AVPSCIPSRA,[10-10/0 361-361],[10-10/0 B1-361]
4KMD,377,A,GSYGHLSIGT,[10-10/0 367-367],[10-10/0 B1-367]
4L1U,141,A,GSRXPMYG,[7-7/0 134-134],[7-7/0 B1-134]
4L9P,792,A,KCVVM,[5-5/0 335-335/0 452-452],[5-5/0 B1-335/0 C1-452]
4LEB,306,A,TTTTTTT,[7-7/0 299-299],[7-7/0 B1-299]
4LK9,139,A,ARTKQTARKSTGG,[13-13/0 126-126],[13-13/0 B1-126]
4LZF,167,A,DLSPRPSPNPHPX,[12-12/0 155-155],[12-12/0 B1-155]
4M5S,194,A,GERTIPITRE,[10-10/0 87-87/0 87-87/0 10-10],[10-10/0 B1-87/0 C1-87/0 D1-10]
4M92,162,A,NYTCELKYG,[9-9/0 153-153],[9-9/0 B1-153]
4MDR,252,A,TYKFFEQ,[7-7/0 245-245],[7-7/0 B1-245]
4MVK,177,A,XVFFAEDX,[6-6/0 171-171],[6-6/0 B1-171]
4N4H,198,A,APATGGVXKPH,[10-10/0 188-188],[10-10/0 B1-188]
4NB3,135,A,XDFTADDLEEWXALA,[12-12/0 123-123],[12-12/0 B1-123]
4NY3,304,A,PDYFL,[5-5/0 299-299],[5-5/0 B1-299]
4O30,231,A,KAARKSAPATGGVK,[14-14/0 217-217],[14-14/0 B1-217]
4O45,310,A,ARTAR,[5-5/0 305-305],[5-5/0 B1-305]
4O62,174,A,ARTXQT,[5-5/0 56-56/0 57-57/0 56-56],[5-5/0 B1-56/0 C1-57/0 D2-57]
4OAR,252,A,GLEAIIRKALM,[11-11/0 241-241],[11-11/0 B1-241]
4OH4,315,A,TMEELQAAIQAAIAHC,[16-16/0 299-299],[16-16/0 B1-181/B183-184/B186-186/B188-202/B204-303]
4OKF,114,A,KETAAXKFERQHXDSXXXX,[13-13/0 101-101],[13-13/0 B1-101]
4OYK,186,A,EDMYRAADEIEKE,[13-13/0 173-173],[13-13/0 B1-173]
4OZ1,229,A,KSRWDETP,[8-8/0 111-111/0 110-110],[8-8/0 B1-111/0 C1-110]
4P3W,187,A,EKRVASSVFITLAPP,[15-15/0 172-172],[15-15/0 B1-172]
4PIE,213,A,GVQSLKRRRCF,[11-11/0 202-202],[11-11/0 B1-202]
4PRH,779,A,HPVGDADYFEY,[11-11/0 240-240/0 86-86/0 202-202/0 240-240],[11-11/0 B1-240/0 C1-86/0 D1-202/0 E1-240]
4PSI,130,A,ALDXDDEFVPY,[10-10/0 120-120],[10-10/0 B1-51/B53-82/B84-114/B117-121/B123-125]
4PZ6,378,A,XPSYXPTX,[5-5/0 373-373],[5-5/0 B1-373]
4Q94,140,A,SPSYXPTSPSYSXX,[11-11/0 129-129],[11-11/0 B1-129]
4QBQ,282,A,ARTKQTAR,[8-8/0 137-137/0 137-137],[8-8/0 B1-137/0 C1-137]
4QEO,479,A,KSTGGKA,[7-7/0 472-472],[7-7/0 B1-472]
4QQ4,110,A,ARTXQTARKXX,[7-7/0 48-48/0 48-48/0 7-7],[7-7/0 B1-48/0 C1-48/0 D1-3/D5-8]
4QWN,406,A,APATGGVXKP,[9-9/0 329-329/0 68-68],[9-9/0 B1-329/0 C1-68]
4R8T,162,A,SEFDMWLERAADITWEMDAAI,[21-21/0 141-141],[21-21/0 B1-141]
4TWJ,245,A,KGGAXRHRKWX,[9-9/0 236-236],[9-9/0 B1-236]
4TXR,214,A,QDELSQRLARLRDQV,[15-15/0 159-159/0 40-40],[15-15/0 B1-159/0 C1-40]
4TZQ,246,A,ARYGVSNTSINRK,[13-13/0 233-233],[13-13/0 B1-233]
4U68,140,A,KQTARXS,[6-6/0 64-64/0 64-64/0 6-6],[6-6/0 B1-64/0 C1-64/0 D1-5/D7-7]
4UP0,90,A,ARTXQT,[5-5/0 85-85],[5-5/0 B1-85]
4UQY,270,A,QKFIARNRAPRVQ,[13-13/0 257-257],[13-13/0 B1-257]
4V11,159,A,SDAXEGHDED,[9-9/0 150-150],[9-9/0 B1-150]
4V3I,158,A,DLTRP,[5-5/0 153-153],[5-5/0 B1-153]
4WFD,205,A,TDLFDVFEETPVELX,[14-14/0 91-91/0 100-100],[14-14/0 B1-91/0 C1-100]
4WJP,89,A,EAEERIIVLXD,[10-10/0 79-79],[10-10/0 B1-79]
4WNE,345,A,DHMEMEPETMETKSVTDYF,[19-19/0 326-326],[19-19/0 B1-326]
4WVI,532,A,GGGGAVPTAKA,[11-11/0 521-521],[11-11/0 B1-521]
4WZX,103,A,DIDFDDLSRRFEELKK,[16-16/0 87-87],[16-16/0 B1-87]
4X1H,337,A,VLEDLKSCGLF,[11-11/0 326-326],[11-11/0 B1-326]
4X2O,362,A,SSVFGAPA,[8-8/0 179-179/0 175-175],[8-8/0 B1-179/0 C1-175]
4X3G,199,A,PKPTCMVPPMP,[11-11/0 188-188],[11-11/0 B1-188]
4XAL,96,A,SSGVDL,[6-6/0 90-90],[6-6/0 B1-90]
4XEV,167,A,KTSAAAQLDELMAHLTEMQ,[19-19/0 148-148],[19-19/0 B1-148]
4XHV,104,A,DSKDVKEWYVX,[10-10/0 94-94],[10-10/0 B1-94]
4XIB,369,A,NIIKNTW,[7-7/0 362-362],[7-7/0 B1-362]
4XNH,1148,A,SYSMEHX,[6-6/0 786-786/0 197-197/0 159-159],[6-6/0 B1-786/0 C1-197/0 D1-159]
4YL6,106,A,DEQEALNSIMNDLVALQM,[18-18/0 88-88],[18-18/0 B1-88]
4YNL,165,A,ERGSGR,[6-6/0 77-77/0 76-76/0 6-6],[6-6/0 B1-77/0 C1-76/0 D1-6]
4YWC,201,A,SVPQARKASLARFLEKRKERLM,[22-22/0 179-179],[22-22/0 B1-179]
4YYD,109,A,GRGXGGXGLG,[8-8/0 101-101],[8-8/0 B1-101]
4YYM,270,A,XGGXGLG,[5-5/0 132-132/0 133-133],[5-5/0 B1-132/0 C1-133]
4YZH,303,A,RKXVAKPKGP,[9-9/0 294-294],[9-9/0 B1-294]
4Z10,708,A,DGVFTTPCDPEY,[12-12/0 346-346/0 346-346/0 4-4],[12-12/0 B1-251/B253-347/0 C1-251/C253-347/0 D1-4]
4Z2O,276,A,VATVSESLLTE,[11-11/0 127-127/0 127-127/0 11-11],[11-11/0 B1-127/0 C1-127/0 D1-11]
4Z33,172,A,KGETAV,[6-6/0 166-166],[6-6/0 B1-166]
4ZHB,107,A,VDAVN,[5-5/0 102-102],[5-5/0 B1-9/B11-56/B58-104]
4ZIG,344,A,XQEDIIRNIARHLAQVGDSMD,[20-20/0 152-152/0 152-152/0 20-20],[20-20/0 B1-152/0 C1-152/0 D2-21]
4ZQW,179,A,SXKEYALSGRELTX,[12-12/0 167-167],[12-12/0 B1-167]
5A29,566,A,HHHHHHHSSGLVPRGSHAXX,[18-18/0 548-548],[18-18/0 B1-548]
5A53,312,A,SVMTLLQLPDPTTDLPREKPLP,[22-22/0 65-65/0 225-225],[22-22/0 B1-65/0 C1-225]
5AFP,183,A,LETVVANSAFIA,[12-12/0 171-171],[12-12/0 B1-171]
5AFW,169,A,TSRRXRA,[6-6/0 163-163],[6-6/0 B1-163]
5B6C,185,A,FRAFSGSGNRL,[11-11/0 174-174],[11-11/0 B1-174]
5BPU,216,A,XEEEEEE,[6-6/0 111-111/0 99-99],[6-6/0 B1-111/0 C1-99]
5BS2,232,A,WKEIKF,[6-6/0 113-113/0 113-113],[6-6/0 B1-113/0 C1-113]
5BXO,168,A,XREAGDGAEXX,[8-8/0 160-160],[8-8/0 B1-160]
5C0B,829,A,RQFGPDFPTI,[10-10/0 275-275/0 100-100/0 197-197/0 247-247],[10-10/0 B1-275/0 C1-100/0 D1-197/0 E1-247]
5CIU,133,A,TGGVXKP,[6-6/0 127-127],[6-6/0 B1-127]
5CRW,253,A,GKTKEGVLYVG,[11-11/0 242-242],[11-11/0 B1-242]
5DIY,468,A,VPYSSX,[5-5/0 463-463],[5-5/0 B1-463]
5DJZ,309,A,DCAWHLGELVWCT,[13-13/0 209-209/0 87-87],[13-13/0 B1-209/0 C1-87]
5DZD,98,A,XTPEAPPCYMDVIXXXX,[12-12/0 37-37/0 39-39/0 10-10],[12-12/0 B1-37/0 C1-39/0 D1-10]
5E33,730,A,YGGFM,[5-5/0 725-725],[5-5/0 B1-725]
5EEL,111,A,SFEGYDNXX,[7-7/0 104-104],[7-7/0 B1-104]
5EFI,378,A,DFHHIREKGNHWKNFLXX,[16-16/0 263-263/0 99-99],[16-16/0 B1-263/0 C1-99]
5EIB,1030,A,KQPFLKRGEGLARFT,[15-15/0 429-429/0 430-430/0 156-156],[15-15/0 B1-429/0 C1-430/0 D1-156]
5EMA,102,A,DDIXTVV,[6-6/0 96-96],[6-6/0 B1-96]
5EXK,313,A,ESTXSVSD,[7-7/0 306-306],[7-7/0 B1-306]
5F56,708,A,ADLPF,[5-5/0 703-703],[5-5/0 B1-703]
5F67,117,A,GPGSRGKSTVTGRMISGWL,[19-19/0 98-98],[19-19/0 B1-98]
5FB1,182,A,ARTKQTAR,[8-8/0 174-174],[8-8/0 B1-174]
5FC2,489,A,DKXIEVGRX,[7-7/0 482-482],[7-7/0 B1-482]
5FJX,262,A,KWDDF,[5-5/0 257-257],[5-5/0 B1-175/B177-179/B181-211/B213-230/B232-237/B239-262]
5FOS,240,A,LGTFMRADEYLKKRAX,[15-15/0 225-225],[15-15/0 B1-225]
5FPX,228,A,GSSHHHH,[7-7/0 106-106/0 107-107/0 8-8],[7-7/0 B1-106/0 C1-107/0 D1-8]
5FVK,103,A,NYSNTDPEELLRKHVFPSVPK,[21-21/0 82-82],[21-21/0 B1-82]
5FZT,329,A,PELDDILYHVKGMQRIVNQWSEKXX,[23-23/0 306-306],[23-23/0 B1-306]
5GGP,155,A,TPTPV,[5-5/0 150-150],[5-5/0 B1-150]
5H5R,181,A,XCRAWYQNYCALRRX,[13-13/0 168-168],[13-13/0 B1-44/B46-169]
5HDA,255,A,SMPELSPV,[8-8/0 121-121/0 117-117/0 9-9],[8-8/0 B1-121/0 C1-117/0 D1-9]
5HEB,126,A,NYKQTSVX,[7-7/0 119-119],[7-7/0 B1-119]
5HH7,201,A,ARTKQTARK,[9-9/0 192-192],[9-9/0 B1-192]
5HSZ,397,A,LDIPAFLRKQA,[11-11/0 190-190/0 196-196],[11-11/0 B1-190/0 C1-196]
5HTB,335,A,ARKKQTAXXX,[7-7/0 328-328],[7-7/0 B1-328]
5HVZ,120,A,TVILEYAHRLSQDILCDALQQWA,[23-23/0 50-50/0 47-47],[23-23/0 B1-50/0 C1-47]
5I3L,242,A,ARTKQTARKSTGGXAPR,[16-16/0 112-112/0 114-114],[16-16/0 B1-112/0 C1-114]
5I8M,463,A,XKCKLCLKXX,[7-7/0 114-114/0 114-114/0 114-114/0 114-114],[7-7/0 B1-114/0 C1-114/0 D1-114/0 E1-114]
5IH2,68,A,XYEKPALPRKRX,[10-10/0 58-58],[10-10/0 B1-58]
5II0,109,A,TXPRTNTGSGTX,[10-10/0 99-99],[10-10/0 B1-99]
5IQL,137,A,AARXSAPA,[7-7/0 130-130],[7-7/0 B1-130]
5IQO,147,A,ADSRIRIRGYVRNNGX,[15-15/0 132-132],[15-15/0 B1-132]
5IVX,811,A,RGPGRAFVTI,[10-10/0 274-274/0 99-99/0 194-194/0 234-234],[10-10/0 B1-274/0 C1-99/0 D1-194/0 E1-234]
5J51,296,A,SGISQTVIVGPWGAKX,[15-15/0 133-133/0 133-133/0 15-15],[15-15/0 B1-133/0 C1-133/0 D1-15]
5JBT,276,A,KAVCSQEAMTGPCR,[14-14/0 224-224/0 38-38],[14-14/0 B1-224/0 C1-38]
5JEL,245,A,SPAXLAXNLEIXQS,[11-11/0 234-234],[11-11/0 B1-234]
5JHN,557,A,KQTARAST,[8-8/0 273-273/0 267-267/0 9-9],[8-8/0 B1-273/0 C1-267/0 D1-9]
5JIU,430,A,ESSDSQ,[6-6/0 209-209/0 209-209/0 6-6],[6-6/0 B1-209/0 C1-209/0 D1-6]
5KDS,516,A,TAPGG,[5-5/0 511-511],[5-5/0 B1-511]
5KEZ,503,A,XXPYSCWVRHX,[8-8/0 495-495],[8-8/0 B2-496]
5KVM,459,A,TYFAVLMVS,[9-9/0 355-355/0 95-95],[9-9/0 B1-355/0 C1-95]
5LEO,98,A,GGGGG,[5-5/0 93-93],[5-5/0 B1-93]
5LMF,329,A,TAHSNSQALLDLLKKPT,[17-17/0 312-312],[17-17/0 B1-312]
5LSW,588,A,EGGIDSGMMLQLEKNLVDIVD,[21-21/0 273-273/0 273-273/0 21-21],[21-21/0 B1-273/0 C1-273/0 D1-21]
5LY3,443,A,GGIGENEWVKILRSKR,[16-16/0 427-427],[16-16/0 B1-427]
5LYN,280,A,PTVEEVD,[7-7/0 133-133/0 133-133/0 7-7],[7-7/0 B1-133/0 C1-133/0 D1-7]
5M5G,488,A,KAARXSAP,[7-7/0 481-481],[7-7/0 B1-481]
5MFI,493,A,KRKRKRKR,[8-8/0 239-239/0 240-240/0 6-6],[8-8/0 B1-239/0 C1-240/0 D1-6]
5MGX,273,A,DTEMEEVD,[8-8/0 265-265],[8-8/0 B1-265]
5MHN,694,A,XXLILPWP,[6-6/0 688-688],[6-6/0 B1-688]
5MT8,184,A,XRVRHAX,[5-5/0 179-179],[5-5/0 B1-179]
5N22,177,A,GAKKDQYFLX,[9-9/0 168-168],[9-9/0 B1-168]
5N4D,738,A,PWTAEHVDQTLASGNDIC,[18-18/0 720-720],[18-18/0 B1-720]
5N74,131,A,LRPPTPL,[7-7/0 55-55/0 56-56/0 13-13],[7-7/0 B1-55/0 C1-56/0 D1-13]
5NAF,363,A,HETVLPIKKRK,[11-11/0 352-352],[11-11/0 B1-352]
5NC2,116,A,XXPPPPTE,[6-6/0 110-110],[6-6/0 B1-110]
5NJF,925,A,AAAAA,[5-5/0 476-476/0 444-444],[5-5/0 B1-476/0 C1-444]
5NJX,422,A,DTSRMEEVD,[9-9/0 413-413],[9-9/0 B1-413]
5NXQ,1177,A,MDIXIDDILXELDKE,[13-13/0 424-424/0 431-431/0 296-296/0 13-13],[13-13/0 B1-424/0 C1-431/0 D1-296/0 E1-3/E5-9/E11-15]
5O76,463,A,DGXTPEP,[6-6/0 384-384/0 73-73],[6-6/0 B1-321/B323-385/0 C1-73]
5O9V,401,A,GGCFSKPKX,[8-8/0 393-393],[8-8/0 B1-393]
5OB2,129,A,XAPPLPPRNRPR,[11-11/0 56-56/0 52-52/0 10-10],[11-11/0 B1-56/0 C1-52/0 D2-11]
5OJR,326,A,NAHNFPLDLASAESAPVA,[18-18/0 308-308],[18-18/0 B1-308]
5OK6,230,A,GEFYKLKIRTPX,[11-11/0 219-219],[11-11/0 B1-219]
5ONQ,321,A,GAIIG,[5-5/0 316-316],[5-5/0 B1-316]
5OV3,653,A,EPKQTG,[6-6/0 330-330/0 317-317],[6-6/0 B1-330/0 C1-317]
5OW5,257,A,IEEALQIIHS,[10-10/0 170-170/0 77-77],[10-10/0 B1-170/0 C1-77]
5Q13,242,A,QLLRYLLDKD,[10-10/0 232-232],[10-10/0 B1-232]
5T1I,149,A,XHRYRPGTVALREIXXX,[13-13/0 68-68/0 68-68],[13-13/0 B1-68/0 C1-68]
5T2S,255,A,DGESXDEDD,[8-8/0 247-247],[8-8/0 B1-247]
5T6J,163,A,QQLLKGLSLSFS,[12-12/0 59-59/0 92-92],[12-12/0 B1-59/0 C1-92]
5TDW,79,A,ARTXQTARKST,[10-10/0 69-69],[10-10/0 B1-69]
5TED,428,A,GAYGAGLAH,[9-9/0 209-209/0 210-210],[9-9/0 B1-209/0 C1-210]
5TP1,171,A,EPTVQFFKGKNGSADKVILVT,[21-21/0 150-150],[21-21/0 B1-150]
5TQS,106,A,LYXWDQ,[5-5/0 101-101],[5-5/0 B1-101]
5TWA,186,A,ASSMASEVGRRLAEFGDQVDGQFYQXX,[25-25/0 161-161],[25-25/0 B1-161]
5TXE,669,A,GPTPMVGLDSVSGQYWD,[17-17/0 652-652],[17-17/0 B1-652]
5TZP,160,A,ISSAIQVGHQLALIGDEFNRAY,[22-22/0 138-138],[22-22/0 B1-138]
5U1M,113,A,XLYASSNPAX,[8-8/0 105-105],[8-8/0 B1-105]
5U5F,566,A,CQFDXSTRRLRCG,[12-12/0 214-214/0 223-223/0 54-54/0 63-63],[12-12/0 B1-214/0 C1-223/0 D1-54/0 E1-63]
5UN8,869,A,WVDSTPPX,[7-7/0 424-424/0 429-429/0 9-9],[7-7/0 B1-424/0 C1-429/0 D1-9]
5UNJ,236,A,SLLKKLLLA,[9-9/0 227-227],[9-9/0 B1-227]
5UUK,174,A,XQWVREIAAGLRRAADDVNAQVE,[22-22/0 152-152],[22-22/0 B1-152]
5UUM,179,A,QWVREIAAGLRRAADDVNAQVER,[23-23/0 156-156],[23-23/0 B1-156]
5UWM,160,A,VTPLN,[5-5/0 155-155],[5-5/0 B1-155]
5UWW,1350,A,LYLEEMVNSLL,[11-11/0 206-206/0 128-128/0 1005-1005],[11-11/0 B1-206/0 C1-128/0 D1-1005]
5UY9,151,A,QASXPRXX,[5-5/0 146-146],[5-5/0 B1-146]
5V1T,452,A,SKELEKVLESSAM,[13-13/0 439-439],[13-13/0 B1-439]
5V1U,100,A,MTKTYTAPTLVEYGGL,[16-16/0 84-84],[16-16/0 B1-84]
5V1Y,200,A,GPQEPEPPEPFEYI,[14-14/0 114-114/0 72-72],[14-14/0 B1-114/0 C1-72]
5V2P,306,A,CSPLECDLKGYLDWITQAEX,[19-19/0 287-287],[19-19/0 B1-287]
5V8K,1250,A,YSPTFNVAHILAFFFLFLHIPFYFVXXX,[25-25/0 600-600/0 600-600/0 25-25],[25-25/0 B1-600/0 C1-600/0 D1-25]
5VB9,246,A,CWVLEYDMFGALHCR,[15-15/0 108-108/0 108-108/0 15-15],[15-15/0 B1-108/0 C1-108/0 D1-15]
5VKL,221,A,LVNADLDVKDELMFXPLVDS,[19-19/0 202-202],[19-19/0 B1-202]
5VLL,382,A,CFIPWNLQRIGLLC,[14-14/0 355-355/0 13-13],[14-14/0 B1-355/0 C2-14]
5VLL_dup1,382,A,XTVFTSWEEYLDWVX,[13-13/0 355-355/0 14-14],[13-13/0 B1-355/0 C1-14]
5VNF,1576,A,VTSVV,[5-5/0 707-707/0 729-729/0 135-135],[5-5/0 B1-707/0 C1-729/0 D1-135]
5VYO,195,A,GFSCGF,[6-6/0 189-189],[6-6/0 B1-189]
5W2J,833,A,AKGALQELGAGLTA,[14-14/0 408-408/0 411-411],[14-14/0 B1-408/0 C1-411]
5W7J,239,A,GVVASQPARV,[10-10/0 229-229],[10-10/0 B1-229]
5W7X,107,A,PYAGXXD,[5-5/0 102-102],[5-5/0 B1-102]
5W93,145,A,MDDLDALLADLE,[12-12/0 133-133],[12-12/0 B1-133]
5WFC,1235,A,AARXSAP,[6-6/0 460-460/0 769-769],[6-6/0 B1-460/0 C1-769]
5WGG,451,A,MKHIKILNGGC,[11-11/0 440-440],[11-11/0 B1-440]
5WIR,429,A,ILLTPRR,[7-7/0 205-205/0 205-205/0 12-12],[7-7/0 B1-205/0 C1-205/0 D1-12]
5WQL,925,A,AAAAAA,[6-6/0 268-268/0 647-647/0 4-4],[6-6/0 B1-268/0 C1-647/0 D1-4]
5WXG,69,A,ARTXQTA,[6-6/0 63-63],[6-6/0 B1-63]
5WYI,420,A,IMPKDIQLX,[8-8/0 141-141/0 138-138/0 133-133],[8-8/0 B1-141/0 C1-138/0 D1-133]
5X7B,218,A,PIXATID,[6-6/0 206-206/0 6-6],[6-6/0 B1-206/0 C1-1/C3-7]
5XCO,189,A,XRRRRCPLYISYDPVCRRRRX,[19-19/0 170-170],[19-19/0 B1-170]
5XVW,275,A,ILAWGRGGTRSN,[12-12/0 132-132/0 131-131],[12-12/0 B1-132/0 C1-131]
5XYF,223,A,KRMTISRLVLEE,[12-12/0 188-188/0 23-23],[12-12/0 B1-54/B56-139/B141-169/B171-188/B190-192/0 C1-16/C18-24]
5XYF_dup1,223,A,SSLCARVQAARLPPQLXAWALHFLX,[23-23/0 188-188/0 12-12],[23-23/0 B1-54/B56-139/B141-169/B171-188/B190-192/0 C1-12]
5Y18,100,A,SENRIAKKXLLEEIKAN,[16-16/0 84-84],[16-16/0 B1-20/B22-85]
5Y20,58,A,ARTXQTA,[6-6/0 52-52],[6-6/0 B1-52]
5Y59,200,A,NSKLLSLLRSKT,[12-12/0 188-188],[12-12/0 B1-188]
5YBE,273,A,PKNKARRRTTTQMELLYADX,[19-19/0 254-254],[19-19/0 B1-254]
5YCA,223,A,GSAEEDDELFQNYVLQQ,[17-17/0 206-206],[17-17/0 B1-206]
5YF4,276,A,EWSFXXVRKKP,[9-9/0 129-129/0 129-129/0 9-9],[9-9/0 B1-129/0 C1-129/0 D1-4/D7-11]
5YGD,220,A,DQGRGRXRPLN,[10-10/0 210-210],[10-10/0 B1-210]
5YKW,114,A,TPVCTTEV,[8-8/0 106-106],[8-8/0 B1-106]
5YPR,283,A,RIRREEYRRAINGQSF,[16-16/0 267-267],[16-16/0 B1-267]
5YT0,342,A,DLSGLSGMFGF,[11-11/0 331-331],[11-11/0 B1-331]
5YV5,531,A,SEEEALAGLSALFG,[14-14/0 517-517],[14-14/0 B1-517]
5YVX,66,A,ARTXQTA,[6-6/0 60-60],[6-6/0 B1-60]
5Z8L,211,A,KAARXSAP,[7-7/0 204-204],[7-7/0 B1-204]
5ZOO,401,A,HIRGSITQGIPRSY,[14-14/0 387-387],[14-14/0 B1-387]
5ZVW,341,A,SAIRGA,[6-6/0 335-335],[6-6/0 B1-335]
6A3A,1352,A,STVEDMTKKFGTLTIHD,[17-17/0 210-210/0 129-129/0 996-996],[17-17/0 B1-210/0 C1-129/0 D1-996]
6AK2,83,A,SHWXXDI,[5-5/0 78-78],[5-5/0 B1-78]
6AR2,139,A,DGXMKR,[5-5/0 134-134],[5-5/0 B1-134]
6B27,128,A,EPEIPLSPRP,[10-10/0 118-118],[10-10/0 B1-118]
6B3X,341,A,YPKPDTQQMIPFQP,[14-14/0 327-327],[14-14/0 B1-327]
6BHG,223,A,STGGXAPRK,[8-8/0 215-215],[8-8/0 B1-215]
6BRS,948,A,DVTIETH,[7-7/0 896-896/0 4-4/0 41-41],[7-7/0 B1-896/0 C1-4/0 D1-41]
6BW3,379,A,MRSKGRARKLX,[10-10/0 369-369],[10-10/0 B1-369]
6C0Y,242,A,CKQXCAFGPFXFVCXGNXK,[15-15/0 107-107/0 108-108/0 12-12],[15-15/0 B1-107/0 C1-108/0 D1-1/D3-8/D10-12/D14-15]
6CDG,170,A,PGLWKS,[6-6/0 164-164],[6-6/0 B1-164]
6CF6,661,A,LARESSADGADS,[12-12/0 320-320/0 319-319/0 10-10],[12-12/0 B1-320/0 C1-319/0 D1-10]
6CIT,1350,A,STVDEMTKKFGTLTIHD,[17-17/0 206-206/0 131-131/0 996-996],[17-17/0 B1-206/0 C1-131/0 D1-996]
6CWP,613,A,VEYTKH,[6-6/0 300-300/0 307-307],[6-6/0 B1-300/0 C1-307]
6D08,61,A,TKQTARXSX,[7-7/0 54-54],[7-7/0 B1-54]
6D1U,566,A,DSAPVDPSSPHSYX,[13-13/0 553-553],[13-13/0 B1-553]
6DAT,280,A,PXXDXXDXEDXPAALWX,[10-10/0 135-135/0 135-135],[10-10/0 B1-135/0 C1-135]
6DEI,253,A,SNAFGGTLKLKKRLESVPELFLHD,[24-24/0 107-107/0 105-105/0 17-17],[24-24/0 B1-107/0 C1-105/0 D1-17]
6DM4,244,A,PSXVNVQ,[6-6/0 119-119/0 119-119],[6-6/0 B1-119/0 C1-119]
6DN8,201,A,XVDINNNX,[6-6/0 195-195],[6-6/0 B1-195]
6DNO,318,A,RRVSFADNFGFNLVSVKEFDTW,[22-22/0 294-294/0 2-2],[22-22/0 B1-294/0 C2-2/C4-4]
6E21,352,A,TTYADFIASGRTGRRAXIHD,[19-19/0 333-333],[19-19/0 B1-124/B126-182/B184-323/B325-336]
6E5X,140,A,FVPVPPPPLYPPP,[13-13/0 127-127],[13-13/0 B1-127]
6EFK,137,A,XIEEVD,[5-5/0 132-132],[5-5/0 B1-132]
6EJ7,716,A,EEEGAGGGQG,[10-10/0 706-706],[10-10/0 B1-706]
6EOP,1696,A,SLRFLYEGX,[8-8/0 840-840/0 840-840/0 8-8],[8-8/0 B1-651/B653-841/0 C1-651/C653-841/0 D1-8]
6EVN,104,A,PPGPAGPPG,[9-9/0 95-95],[9-9/0 B1-95]
6EWA,553,A,ILKEPVHGV,[9-9/0 276-276/0 99-99/0 169-169],[9-9/0 B1-276/0 C1-99/0 D1-169]
6EZI,94,A,LETKKTKL,[8-8/0 86-86],[8-8/0 B1-86]
6F0W,237,A,DYDDLAPFVPPPSFDNRL,[18-18/0 219-219],[18-18/0 B1-158/B160-220]
6F4S,240,A,CARAY,[5-5/0 235-235],[5-5/0 B1-235]
6F6D,467,A,RIQLMTKAARKSAPATG,[17-17/0 450-450],[17-17/0 B1-450]
6FBK,100,A,LTQVVHSAGRRFIVSPV,[17-17/0 83-83],[17-17/0 B1-83]
6FKP,61,A,ARTAATAR,[8-8/0 53-53],[8-8/0 B1-53]
6FNZ,161,A,PESSEG,[6-6/0 78-78/0 77-77],[6-6/0 B1-78/0 C1-77]
6FZQ,232,A,APDTRPX,[6-6/0 226-226],[6-6/0 B1-226]
6G5F,1303,A,KEDAFSKLKEKFMNELHK,[18-18/0 440-440/0 845-845],[18-18/0 B1-440/0 C1-845]
6G85,745,A,FTDVPALNYP,[10-10/0 361-361/0 359-359/0 15-15],[10-10/0 B1-361/0 C1-359/0 D1-15]
6G85_dup1,745,A,AFTDVPALNYPATPP,[15-15/0 361-361/0 359-359/0 10-10],[15-15/0 B1-361/0 C1-359/0 D1-10]
6GMG,338,A,DIPIGXKM,[7-7/0 331-331],[7-7/0 B1-331]
6GP7,128,A,FNSREARRKANX,[11-11/0 58-58/0 59-59],[11-11/0 B1-58/0 C1-59]
6GTV,292,A,ADVTITVNGKVVAX,[13-13/0 279-279],[13-13/0 B1-279]
6GYT,336,A,GLGXGGAXA,[7-7/0 161-161/0 168-168],[7-7/0 B1-161/0 C1-168]
6H6A,174,A,GCGCSSX,[6-6/0 168-168],[6-6/0 B1-168]
6H7B,179,A,HHMNPNATEFMP,[12-12/0 78-78/0 77-77/0 12-12],[12-12/0 B1-78/0 C1-77/0 D1-12]
6HM5,258,A,SPVLAEDX,[7-7/0 251-251],[7-7/0 B1-251]
6HY7,222,A,GCCSDPRCRYRCX,[12-12/0 210-210],[12-12/0 B1-210]
6HZD,478,A,RRRKRXX,[5-5/0 473-473],[5-5/0 B1-473]
6I5N,373,A,VPDXTSIHIX,[8-8/0 157-157/0 102-102/0 97-97/0 9-9],[8-8/0 B1-81/B83-103/B105-135/B137-160/0 C1-88/C90-103/0 D1-97/0 E1-4/E6-10]
6I7Q,368,A,LETLAXYIPMDGEDFQC,[16-16/0 104-104/0 97-97/0 151-151],[16-16/0 B1-88/B90-105/0 C1-97/0 D1-151]
6I7R,365,A,LETLAXYIPMDGEDFQC,[16-16/0 102-102/0 98-98/0 149-149],[16-16/0 B1-59/B61-88/B90-104/0 C1-98/0 D1-149]
6IC9,156,A,YXPTSPXYXPTSP,[10-10/0 146-146],[10-10/0 B1-146]
6IDX,526,A,RKSRYAELDFEKIMHTRKRHQDMFQ,[25-25/0 501-501],[25-25/0 B1-501]
6IFC,314,A,SWDSWFDGEGASTDFMSTREQP,[22-22/0 132-132/0 132-132/0 28-28],[22-22/0 B1-132/0 C1-132/0 D1-28]
6IGK,492,A,CTCFTYKDKECVYYCHLDIIW,[21-21/0 471-471],[21-21/0 B1-471]
6IQJ,140,A,PPPPPPPPP,[9-9/0 131-131],[9-9/0 B1-131]
6J0X,481,A,SIIYEPEFNENYLWAE,[16-16/0 465-465],[16-16/0 B1-465]
6J4V,287,A,EGECY,[5-5/0 246-246/0 36-36],[5-5/0 B1-246/0 C1-36]
6J8O,272,A,EEGEEY,[6-6/0 31-31/0 235-235],[6-6/0 B1-31/0 C1-235]
6J8Y,786,A,SWVSPDFDTA,[10-10/0 257-257/0 264-264/0 255-255],[10-10/0 B1-257/0 C1-264/0 D1-255]
6JJY,145,A,RPKNMTPYRSPPPYVPPX,[17-17/0 128-128],[17-17/0 B1-128]
6JLH,531,A,SGIIGNLRHMALDMGNE,[17-17/0 251-251/0 246-246/0 17-17],[17-17/0 B1-33/B35-56/B58-75/B77-100/B102-146/B149-179/B181-218/B221-244/B246-261/0 C1-28/C30-51/C53-70/C72-95/C97-141/C144-174/C176-213/C216-239/C241-256/0 D1-17]
6JUE,101,A,TIITL,[5-5/0 96-96],[5-5/0 B1-96]
6JWJ,485,A,MEPAKLDLPEGQLFFGFPMXX,[19-19/0 466-466],[19-19/0 B1-466]
6JX3,103,A,KKKYTAPQLAKVGEFKEA,[18-18/0 85-85],[18-18/0 B1-85]
6JZD,291,A,EGEEY,[5-5/0 251-251/0 35-35],[5-5/0 B1-251/0 C1-35]
6KDR,455,A,GPKRRQ,[6-6/0 220-220/0 220-220/0 9-9],[6-6/0 B1-220/0 C1-220/0 D1-9]
6KKB,254,A,ENALLRYLLDK,[11-11/0 243-243],[11-11/0 B1-243]
6KKG,107,A,DRPPPYVAPPSYEGPHRTLG,[20-20/0 87-87],[20-20/0 B1-87]
6KPB,784,A,MSATALLQKAAQMG,[14-14/0 378-378/0 378-378/0 14-14],[14-14/0 B1-378/0 C1-378/0 D1-14]
6KVM,380,A,PGDSDIIRSMPEQTSEK,[17-17/0 184-184/0 179-179],[17-17/0 B1-184/0 C1-179]
6KZQ,302,A,VSLXTFD,[6-6/0 296-296],[6-6/0 B1-296]
6L0W,75,A,GPKWVKTDSDFIVLEI,[16-16/0 59-59],[16-16/0 B1-51/B53-59/B61-61]
6LQE,62,A,ARTXQTAR,[7-7/0 55-55],[7-7/0 B1-55]
6LQF,180,A,ARTXQT,[5-5/0 175-175],[5-5/0 B1-175]
6LUP,372,A,FANFFIRGL,[9-9/0 267-267/0 96-96],[9-9/0 B1-267/0 C1-96]
6LYC,124,A,XXRYSAVYSIHPSWCGX,[14-14/0 110-110],[14-14/0 B1-110]
6LZ4,333,A,GDGMVPPG,[8-8/0 163-163/0 162-162],[8-8/0 B1-163/0 C1-162]
6MA4,712,A,THETGTTNTATTAT,[14-14/0 698-698],[14-14/0 B1-698]
6MPZ,155,A,GNLSDDELEGVAGX,[13-13/0 142-142],[13-13/0 B1-142]
6MWZ,323,A,AHHHHA,[6-6/0 162-162/0 155-155],[6-6/0 B1-162/0 C1-155]
6N87,327,A,CWTTRMSPPMQIPX,[13-13/0 314-314],[13-13/0 B1-314]
6NSX,100,A,SRWDVK,[6-6/0 94-94],[6-6/0 B1-94]
6O3W,153,A,DDYKLPMEYIT,[11-11/0 142-142],[11-11/0 B1-142]
6OCX,174,A,DGGSFWYRAMKALYG,[15-15/0 159-159],[15-15/0 B1-159]
6OI4,197,A,QEPEPPEPFEXI,[11-11/0 111-111/0 75-75],[11-11/0 B1-111/0 C1-75]
6OM4,351,A,XRTGNADX,[6-6/0 345-345],[6-6/0 B1-345]
6OPJ,474,A,XARWXXPXXPXRR,[7-7/0 467-467],[7-7/0 B1-467]
6OVF,165,A,NGFDNPNYQPQ,[11-11/0 154-154],[11-11/0 B1-154]
6P7H,437,A,AVGIGAVF,[8-8/0 215-215/0 214-214],[8-8/0 B1-215/0 C1-214]
6P8B,1016,A,LYMLP,[5-5/0 335-335/0 339-339/0 337-337],[5-5/0 B1-335/0 C1-339/0 D1-337]
6P8S,301,A,EVMEFNP,[7-7/0 162-162/0 132-132],[7-7/0 B1-162/0 C1-132]
6P8U,472,A,AEVMEFN,[7-7/0 300-300/0 165-165],[7-7/0 B1-300/0 C1-165]
6PBS,156,A,XVXTXVXVXXVXV,[6-6/0 144-144/0 6-6],[6-6/0 B1-144/0 C2-2/C4-4/C6-6/C8-8/C11-11/C13-13]
6PEU,396,A,GRLGFYGYDLQD,[12-12/0 384-384],[12-12/0 B1-384]
6PV9,215,A,XFXNPHLXWSWXXRXGX,[10-10/0 205-205],[10-10/0 B1-205]
6PXC,115,A,XEEENIXSVPHDS,[11-11/0 104-104],[11-11/0 B1-104]
6PXU,539,A,TGYYITPRTGAGAXX,[13-13/0 526-526],[13-13/0 B1-526]
6Q3Q,258,A,GSKMEEVD,[8-8/0 121-121/0 121-121/0 8-8],[8-8/0 B1-121/0 C1-121/0 D1-8]
6QMQ,187,A,XVNAKQXHRIXKRRQARAK,[16-16/0 87-87/0 84-84],[16-16/0 B1-87/0 C1-84]
6QP2,780,A,HHHHHH,[6-6/0 383-383/0 391-391],[6-6/0 B1-383/0 C1-391]
6QSZ,116,A,TDLPXDPPS,[8-8/0 108-108],[8-8/0 B1-39/B41-75/B77-98/B100-107/B109-112]
6QTO,321,A,XEIRRVPEF,[8-8/0 313-313],[8-8/0 B1-38/B40-66/B68-133/B135-151/B153-317]
6QZY,786,A,NGFPWXIXVGPIG,[11-11/0 382-382/0 382-382/0 11-11],[11-11/0 B1-382/0 C1-382/0 D1-5/D7-7/D9-13]
6R4W,201,A,XEVNAPVX,[6-6/0 195-195],[6-6/0 B1-195]
6R7W,284,A,KRDPVYFIKLSTIK,[14-14/0 270-270],[14-14/0 B1-270]
6R8I,129,A,SLPFTFKVPAPPPSLPP,[17-17/0 112-112],[17-17/0 B1-112]
6RK9,445,A,XKDGLGEYTCTSLEGFE,[16-16/0 429-429],[16-16/0 B1-429]
6RRC,349,A,RKLIVDSVKELDSKTIRA,[18-18/0 331-331],[18-18/0 B1-331]
6RU7,305,A,YTPXSAXTVSVGSSE,[13-13/0 292-292],[13-13/0 B1-292]
6S3F,90,A,QRCRHQFQTQQRLRACQRVIQRWSQXX,[25-25/0 65-65],[25-25/0 B1-65]
6SA8,675,A,KRKRKRKRKR,[10-10/0 665-665],[10-10/0 B1-665]
6SCS,155,A,DDLDVPSFLQ,[10-10/0 70-70/0 67-67/0 8-8],[10-10/0 B1-70/0 C1-67/0 D1-8]
6SH9,1349,A,IHIGPGRAFY,[10-10/0 1339-1339],[10-10/0 B1-1339]
6SPZ,201,A,RRESEI,[6-6/0 189-189/0 6-6],[6-6/0 B1-189/0 C1-6]
6SQK,677,A,SGXGKG,[5-5/0 337-337/0 333-333/0 2-2],[5-5/0 B1-337/0 C1-333/0 D1-1/D3-3]
6TDB,163,A,RKLRRX,[5-5/0 158-158],[5-5/0 B1-158]
6TE4,570,A,PPLASK,[6-6/0 564-564],[6-6/0 B1-564]
6TNO,74,A,IPSYRYR,[7-7/0 67-67],[7-7/0 B1-67]
6TOK,260,A,AWVIPAX,[5-5/0 125-125/0 125-125/0 5-5],[5-5/0 B1-125/0 C1-125/0 D1-5]
6TQU,132,A,QFYXPPEXFA,[8-8/0 124-124],[8-8/0 B1-124]
6TS3,93,A,NARRKLKGAILTTMLATRNFX,[20-20/0 73-73],[20-20/0 B1-73]
6TYW,231,A,ERKRILPTWMLAE,[13-13/0 218-218],[13-13/0 B1-218]
6U72,244,A,XWKTIAGXTWRTXQCX,[12-12/0 127-127/0 105-105],[12-12/0 B1-127/0 C1-105]
6V41,71,A,ARTKQTARXSTGXX,[10-10/0 61-61],[10-10/0 B1-61]
6V55,753,A,THFGILM,[7-7/0 746-746],[7-7/0 B1-746]
6VDB,256,A,APRFGGVMRPNRXX,[12-12/0 244-244],[12-12/0 B1-244]
6VME,264,A,NASSLYGISAMDGVPFTLH,[19-19/0 76-76/0 67-67/0 102-102],[19-19/0 B1-76/0 C1-67/0 D1-102]
6WAU,65,A,ATKVARXSA,[8-8/0 57-57],[8-8/0 B1-57]
6WBV,892,A,DTHFPICIFCCGCCHRSKCGMCCKT,[25-25/0 429-429/0 220-220/0 218-218],[25-25/0 B1-429/0 C1-220/0 D1-218]
6WFW,491,A,NPNANPNA,[8-8/0 60-60/0 212-212/0 211-211],[8-8/0 B1-60/0 C1-212/0 D1-211]
6WHN,381,A,XNPKQXWG,[6-6/0 375-375],[6-6/0 B1-375]
6WK1,1004,A,TLKYPIEMGIVTNWDDMEKXX,[19-19/0 483-483/0 483-483/0 19-19],[19-19/0 B1-483/0 C1-483/0 D1-19]
6WMS,415,A,GLEDIIRKALM,[11-11/0 196-196/0 196-196/0 12-12],[11-11/0 B1-196/0 C1-196/0 D1-12]
6XBF,234,A,XXLXPIPE,[5-5/0 229-229],[5-5/0 B1-229]
6XFK,74,A,LQKWVRVYLDR,[11-11/0 63-63],[11-11/0 B1-63]
6XIB,385,A,XKGXXDHYXCA,[6-6/0 92-92/0 287-287],[6-6/0 B1-92/0 C1-287]
6XIC,385,A,XKXXXDHYX,[4-4/0 92-92/0 289-289],[4-4/0 B1-92/0 C1-289]
6XQI,170,A,NPLEFL,[6-6/0 62-62/0 62-62/0 40-40],[6-6/0 B1-62/0 C1-62/0 D1-40]
6XS8,195,A,XXGYDPLGLKYFA,[11-11/0 184-184],[11-11/0 B1-184]
6Y8K,144,A,CIEEGQYCFADPYXCX,[14-14/0 130-130],[14-14/0 B1-130]
6YA7,464,A,LTXXPGRDL,[7-7/0 350-350/0 107-107],[7-7/0 B1-350/0 C1-107]
6YN0,702,A,PEERWRYIKELES,[13-13/0 689-689],[13-13/0 B1-689]
6YVR,956,A,GGRRPYIL,[8-8/0 470-470/0 470-470/0 8-8],[8-8/0 B1-470/0 C1-470/0 D1-8]
6Z00,161,A,MVNALX,[5-5/0 156-156],[5-5/0 B1-156]
6Z13,204,A,CDIHVXWEWECFEKLX,[14-14/0 95-95/0 95-95],[14-14/0 B1-95/0 C1-95]
6Z2P,366,A,RPYSPRPTSH,[10-10/0 356-356],[10-10/0 B1-356]
7AAM,586,A,SKPKGPRNPPPTWN,[14-14/0 285-285/0 287-287],[14-14/0 B1-285/0 C1-287]
7AKS,334,A,XAKSAPAPX,[7-7/0 327-327],[7-7/0 B1-327]
7ARX,410,A,GICSRSLPPICI,[12-12/0 149-149/0 249-249],[12-12/0 B1-149/0 C1-249]
7AZ8,741,A,XQXDLPL,[5-5/0 366-366/0 365-365/0 5-5],[5-5/0 B1-366/0 C1-365/0 D2-2/D4-7]
7B39,502,A,RHKILHRLLQE,[11-11/0 240-240/0 240-240/0 11-11],[11-11/0 B1-240/0 C1-240/0 D1-11]
7B4V,140,A,KSIRIGPGQAFYAXP,[14-14/0 126-126],[14-14/0 B1-126]
7BAG,1565,A,XICVXQDWXAHRCXX,[10-10/0 640-640/0 915-915],[10-10/0 B1-640/0 C1-915]
7BGT,222,A,PYVXAMHX,[6-6/0 108-108/0 108-108],[6-6/0 B1-108/0 C1-108]
7BP5,177,A,NDPDY,[5-5/0 82-82/0 90-90],[5-5/0 B1-82/0 C1-90]
7CCE,170,A,TKAARXSAPATG,[11-11/0 159-159],[11-11/0 B1-159]
7CFC,189,A,RGRARLIDTLK,[11-11/0 178-178],[11-11/0 B1-178]
7CIO,116,A,GVXVKMPP,[7-7/0 109-109],[7-7/0 B1-109]
7CMZ,232,A,GACFKDAEYIYPSLE,[15-15/0 217-217],[15-15/0 B1-217]
7D8A,210,A,ARTKQTARK,[9-9/0 201-201],[9-9/0 B1-201]
7DD1,356,A,RARTR,[5-5/0 351-351],[5-5/0 B1-351]
7DDM,271,A,AARDAAVSDAAA,[12-12/0 259-259],[12-12/0 B1-259]
7DS6,530,A,SFAKPKMPGRRLPGRFN,[17-17/0 275-275/0 238-238],[17-17/0 B1-275/0 C1-238]
7DU4,222,A,EWEGTVGDGL,[10-10/0 106-106/0 106-106],[10-10/0 B1-106/0 C1-106]
7DZ9,462,A,MKNDKKVVVKVKDKEMTCGAFN,[22-22/0 260-260/0 180-180],[22-22/0 B1-260/0 C1-180]
7E9K,1067,A,RTRGAIIQTPTLGPIQPTRXX,[19-19/0 527-527/0 521-521],[19-19/0 B1-527/0 C1-521]
7EC3,1014,A,SDSDSDSDXX,[8-8/0 500-500/0 500-500/0 6-6],[8-8/0 B1-500/0 C1-500/0 D1-6]
7EF1,156,A,RTKQTARXS,[8-8/0 148-148],[8-8/0 B1-148]
7EI2,239,A,GXPYKPXXC,[6-6/0 233-233],[6-6/0 B1-233]
7ETU,132,A,SFPFT,[5-5/0 127-127],[5-5/0 B1-127]
7EUX,592,A,APEAV,[5-5/0 587-587],[5-5/0 B1-587]
7EVS,113,A,NPNAGKVLLPTP,[12-12/0 101-101],[12-12/0 B1-101]
7F3S,127,A,TARKSTGGXAPRKQLASYX,[17-17/0 110-110],[17-17/0 B1-110]
7F5M,280,A,KQLASKAARXSAPSTGGVKY,[19-19/0 139-139/0 122-122],[19-19/0 B1-139/0 C1-122]
7F6M,348,A,XAGESLYEXXXX,[7-7/0 341-341],[7-7/0 B1-341]
7FAX,115,A,GSTLEDLFGPLFYV,[14-14/0 101-101],[14-14/0 B1-18/B20-20/B22-103]
7JRX,404,A,CGVPAIQPVLSGL,[13-13/0 131-131/0 97-97/0 163-163],[13-13/0 B1-131/0 C1-97/0 D1-163]
7JTV,888,A,EAPSA,[5-5/0 883-883],[5-5/0 B1-883]
7JVS,223,A,KLNLQFFASKK,[11-11/0 106-106/0 106-106],[11-11/0 B1-106/0 C1-106]
7KFA,572,A,XFVPTTXXEAPCX,[9-9/0 92-92/0 471-471],[9-9/0 B1-92/0 C1-471]
7KPU,200,A,SGRGKXXX,[5-5/0 195-195],[5-5/0 B1-195]
7LP2,44,A,GPPPEYPFKGM,[11-11/0 33-33],[11-11/0 B1-33]
7M98,139,A,SGRGXGG,[6-6/0 133-133],[6-6/0 B1-133]
7MGV,701,A,KEPFFAAFLEKQ,[12-12/0 333-333/0 333-333/0 11-11/0 12-12],[12-12/0 B1-333/0 C1-333/0 D1-11/0 E1-12]
7MGV_dup1,701,A,TLKYPSDSDEG,[11-11/0 333-333/0 333-333/0 12-12/0 12-12],[11-11/0 B1-333/0 C1-333/0 D1-12/0 E1-12]
7MU2,330,A,EKDSRRRQARLQKELAEAAKE,[21-21/0 309-309],[21-21/0 B1-309]
7NLC,154,A,TSPSAPPLPPXXX,[10-10/0 144-144],[10-10/0 B1-144]
7NTK,93,A,RVPDLLV,[7-7/0 86-86],[7-7/0 B1-86]
7NUF,542,A,MWSVFIHGHDGSNKGSKTYTX,[20-20/0 522-522],[20-20/0 B1-522]
7NW1,177,A,GESLEDLMAKMKNM,[14-14/0 163-163],[14-14/0 B1-163]
7OFK,264,A,KHKILHRLLQDS,[12-12/0 252-252],[12-12/0 B1-252]
7OIQ,267,A,DLLAWDPLFG,[10-10/0 257-257],[10-10/0 B1-257]
7OJU,219,A,MVNALX,[5-5/0 214-214],[5-5/0 B1-214]
7OXE,216,A,AEHDEF,[6-6/0 210-210],[6-6/0 B1-210]
7OXG,113,A,TRYWNAKALPFAFG,[14-14/0 99-99],[14-14/0 B1-99]
7OXH,168,A,NAKMLPFAFGA,[11-11/0 155-155/0 2-2],[11-11/0 B1-155/0 C1-2]
7P0L,200,A,KPXQEL,[5-5/0 195-195],[5-5/0 B1-195]
7P73,426,A,FRETEV,[6-6/0 420-420],[6-6/0 B1-420]
7P93,296,A,GDXGANLE,[7-7/0 280-280/0 9-9],[7-7/0 B1-280/0 C1-7/C9-10]
7Q42,379,A,DDDDKDQDES,[10-10/0 369-369],[10-10/0 B1-369]
7Q4I,568,A,APDTRXX,[4-4/0 279-279/0 281-281/0 4-4],[4-4/0 B1-279/0 C1-281/0 D2-5]
7Q5U,275,A,QLXQPLKDREDDQXSHLQG,[17-17/0 258-258],[17-17/0 B1-258]
7QBS,419,A,MLPARRAR,[8-8/0 411-411],[8-8/0 B1-411]
7QPB,221,A,XXXXGFWRYVYQKXX,[9-9/0 106-106/0 106-106],[9-9/0 B1-106/0 D1-106]
7QSA,169,A,LESSII,[6-6/0 85-85/0 78-78],[6-6/0 B1-85/0 C1-78]
7QWV,132,A,DLWLQEVSNLSEWLN,[15-15/0 117-117],[15-15/0 B1-117]
7R5I,443,A,QEDFSSDSSFS,[11-11/0 141-141/0 143-143/0 148-148],[11-11/0 B1-141/0 C1-143/0 D1-148]
7RTE,434,A,KKATATTTWMVPTA,[14-14/0 420-420],[14-14/0 D1-420]
7RUQ,70,A,RPPPGLTN,[8-8/0 62-62],[8-8/0 B1-40/B42-63]
7RXQ,290,A,ERIFRRTGGLFGQVD,[15-15/0 275-275],[15-15/0 B1-275]
7RZZ,409,A,QHEAPKQLLQLRSEI,[15-15/0 394-394],[15-15/0 B1-394]
7S51,167,A,XLPATAG,[6-6/0 161-161],[6-6/0 B1-161]
7S7J,102,A,DIDFDDLSRRFEELKKKTXXX,[18-18/0 84-84],[18-18/0 B1-84]
7SNX,167,A,XVTGYRLFEEI,[10-10/0 157-157],[10-10/0 B1-157]
7SXH,356,A,PQKFAEELIHRLEAVQ,[16-16/0 340-340],[16-16/0 B1-174/B176-341]
7TL8,500,A,XXQVTVWWAXPWEDC,[12-12/0 488-488],[12-12/0 B1-488]
7TSX,436,A,TGRFA,[5-5/0 217-217/0 210-210/0 4-4],[5-5/0 B1-217/0 C1-210/0 D1-4]
7TZK,76,A,PPELPSVDYNSL,[12-12/0 64-64],[12-12/0 B1-64]
7UBU,738,A,RTKQTARXSKAPRKQLATKA,[19-19/0 708-708/0 11-11],[19-19/0 B1-708/0 E1-9/E11-12]
7UDL,311,A,LPPLPPLPPLPPLPPLPPL,[19-19/0 278-278/0 14-14],[19-19/0 B1-278/0 C1-14]
7UHE,164,A,RSFMVKIRT,[9-9/0 71-71/0 74-74/0 10-10],[9-9/0 B1-71/0 C1-74/0 D1-10]
7UI8,136,A,GDTKHEVRHENPQDEAQTIVVNK,[23-23/0 113-113],[23-23/0 B1-113]
7ULO,416,A,ANRVRRPPREGHIYMAS,[17-17/0 201-201/0 198-198],[17-17/0 B1-12/B14-34/B36-57/B59-62/B64-98/B100-193/B195-207/0 C1-10/C12-32/C34-55/C57-60/C62-96/C98-191/C193-204]
7UO8,178,A,HHHHHX,[5-5/0 173-173],[5-5/0 B1-129/B131-174]
7UVE,235,A,STGGXAP,[6-6/0 229-229],[6-6/0 B1-229]
7UWI,518,A,HRCEWAALHCELVXX,[13-13/0 505-505],[13-13/0 B1-505]
7UXM,183,A,XDPANQDCHVAAWHCWQRXX,[17-17/0 166-166],[17-17/0 B1-166]
7UXO,133,A,DCQWAAFLCRVYXX,[12-12/0 121-121],[12-12/0 B1-121]
7VMW,301,A,XGAHTIX,[5-5/0 296-296],[5-5/0 B1-296]
7VPG,406,A,SELDDEEPMELDY,[13-13/0 341-341/0 52-52],[13-13/0 B1-341/0 C1-52]
7W5M,242,A,TIMPKDIQLARRIRGX,[15-15/0 227-227],[15-15/0 B1-227]
7WEG,103,A,DVEITLV,[7-7/0 96-96],[7-7/0 B1-96]
7WFY,111,A,NGXENPT,[6-6/0 105-105],[6-6/0 B1-105]
7WGQ,287,A,RHKILHRLLQ,[10-10/0 277-277],[10-10/0 B1-277]
7X2E,340,A,GLDTTDLX,[7-7/0 163-163/0 163-163/0 7-7],[7-7/0 B1-163/0 C1-163/0 D1-7]
7XPK,177,A,PPKRRAISAIRKFPRDCG,[18-18/0 159-159],[18-18/0 B1-159]
7XVA,498,A,QQPTYVALSYINRFMTDAARREQ,[23-23/0 226-226/0 226-226/0 23-23],[23-23/0 B1-96/B98-227/0 C1-96/C98-227/0 D1-23]
7YBF,189,A,DGDDEEFVNEEY,[12-12/0 177-177],[12-12/0 B1-177]
7YF2,567,A,HQGHSHGHQGGY,[12-12/0 275-275/0 268-268/0 12-12],[12-12/0 B1-275/0 C1-268/0 D1-12]
7YKG,199,A,GLRSTXYRRAVV,[11-11/0 188-188],[11-11/0 B1-188]
7YTA,144,A,ARTKQTARXS,[9-9/0 135-135],[9-9/0 B1-135]
7YX8,448,A,TEAQTTPPP,[8-8/0 440-440],[8-8/0 B1-440]
7Z1K,170,A,SYSPTX,[5-5/0 165-165],[5-5/0 B1-165]
7Z8E,597,A,GSDVA,[5-5/0 590-590/0 2-2],[5-5/0 B1-590/0 C1-2]
7ZWK,196,A,XGGGXKK,[5-5/0 38-38/0 153-153],[5-5/0 B1-38/0 C1-153]
7ZX4,377,A,GGNLITFXPLQ,[10-10/0 360-360/0 7-7],[10-10/0 B1-360/0 C1-6/C8-8]
8A5L,178,A,EALFQ,[5-5/0 173-173],[5-5/0 B1-173]
8AAA,210,A,ACMFVPCAVRHALGLCAXX,[17-17/0 193-193],[17-17/0 B1-193]
8ACK,477,A,ERWGHDFIKX,[9-9/0 468-468],[9-9/0 B1-468]
8AI4,325,A,KSKENRWIL,[9-9/0 316-316],[9-9/0 B1-316]
8ARE,513,A,SRNVT,[5-5/0 508-508],[5-5/0 B1-508]
8B4J,139,A,SXDDDDDILLELGTRXX,[14-14/0 125-125],[14-14/0 B1-125]
8BE8,615,A,KXHPWSVAX,[7-7/0 166-166/0 442-442],[7-7/0 B1-166/0 C1-442]
8BFT,654,A,DWDEDD,[6-6/0 321-321/0 321-321/0 6-6],[6-6/0 B1-321/0 C1-321/0 D1-6]
8BP4,98,A,PETSV,[5-5/0 93-93],[5-5/0 B1-93]
8BRH,639,A,KFIVSHY,[7-7/0 632-632],[7-7/0 B1-632]
8C17,464,A,XFSPXDFHXDIXCDVXR,[12-12/0 220-220/0 220-220/0 12-12],[12-12/0 B1-220/0 C1-220/0 D2-4/D6-8/D10-11/D13-15/D17-17]
8C1N,960,A,GPLERQRPLKVRAKLPR,[17-17/0 474-474/0 469-469],[17-17/0 B1-474/0 C1-469]
8C1T,97,A,NPNPETSV,[8-8/0 89-89],[8-8/0 B1-89]
8C3H,110,A,FFEQMQX,[6-6/0 104-104],[6-6/0 B1-104]
8CIR,353,A,GGSWKYPDAFELSGX,[14-14/0 339-339],[14-14/0 B1-339]
8CN6,162,A,XYSWTWGNXXXVXGXX,[9-9/0 77-77/0 76-76],[9-9/0 B1-77/0 C1-76]
8COY,337,A,XITAXDE,[5-5/0 332-332],[5-5/0 B1-332]
8CQY,99,A,SKETEC,[6-6/0 93-93],[6-6/0 B1-93]
8CV4,136,A,WXYWRXYVLKICXX,[10-10/0 116-116/0 10-10],[10-10/0 B1-116/0 C1-1/C3-5/C7-12]
8CZK,405,A,GFLXEYX,[5-5/0 400-400],[5-5/0 B1-400]
8DJ6,790,A,XQLPLWGX,[6-6/0 389-389/0 389-389/0 6-6],[6-6/0 B1-389/0 C1-389/0 D2-7]
8DS8,173,A,KQTARXST,[7-7/0 166-166],[7-7/0 B1-166]
8EBL,342,A,NDCSCGG,[7-7/0 335-335],[7-7/0 B1-335]
8EI4,381,A,PASMRCHRAAHICSVLX,[16-16/0 365-365],[16-16/0 B1-365]
8EK5,611,A,QYNPIRTTF,[9-9/0 276-276/0 99-99/0 227-227],[9-9/0 B1-276/0 C1-99/0 D1-227]
8FG6,159,A,GQRIRVRI,[8-8/0 151-151],[8-8/0 B1-151]
8GAK,295,A,GSKPVPIIACNRKTGKCTRI,[20-20/0 128-128/0 127-127/0 20-20],[20-20/0 B1-128/0 C1-127/0 D1-20]
8GJG,187,A,GFTSDYSKYLDSRRAQDFVQWLMNT,[25-25/0 162-162],[25-25/0 B1-162]
8H9H,106,A,KPYLCQQCGAAFAHNYDLKNHMRVHX,[25-25/0 81-81],[25-25/0 D1-81]
8HDJ,161,A,EYAYIDVDIN,[10-10/0 151-151],[10-10/0 B1-151]
8HKW,872,A,GKRKLITSEEERSPAKRGRKS,[21-21/0 415-415/0 415-415/0 21-21],[21-21/0 B1-415/0 C1-415/0 D1-21]
8I3F,307,A,ARTKQT,[6-6/0 183-183/0 118-118],[6-6/0 B1-183/0 C1-118]
8IR4,211,A,DSCNSXSSDIIRDLLE,[15-15/0 196-196],[15-15/0 B1-196]
8J5U,543,A,ASPFSPDPP,[9-9/0 534-534],[9-9/0 B1-534]
8JZD,179,A,SKFLDRFRYFKQK,[13-13/0 166-166],[13-13/0 B1-166]
8OFG,309,A,ERLLGGWK,[8-8/0 151-151/0 150-150],[8-8/0 B1-151/0 C1-150]
8PCH,228,A,EPQNCSAT,[8-8/0 220-220],[8-8/0 B1-220]
8PEF,146,A,GAKRHRKVLRDN,[12-12/0 134-134],[12-12/0 B1-134]
8PN5,353,A,AATTTTPAPAKXXXX,[11-11/0 342-342],[11-11/0 B1-342]
8Q9N,201,A,XWGSGEVKQKLQEFVLSK,[17-17/0 91-91/0 93-93],[17-17/0 B1-91/0 C1-93]
8QCI,279,A,APATCWLWGD,[10-10/0 269-269],[10-10/0 B1-269]
8QFZ,127,A,CHWLENCWRGFCX,[12-12/0 115-115],[12-12/0 B1-115]
8QLK,632,A,AIQSEKARKHN,[11-11/0 621-621],[11-11/0 B1-621]
8QQF,133,A,DDNTLYHRGFTEX,[12-12/0 121-121],[12-12/0 B1-121]
8QU2,181,A,XKQXHRIXKRRQARAKXX,[13-13/0 87-87/0 81-81],[13-13/0 B1-87/0 C1-81]
8R58,292,A,EELEDDVFQP,[10-10/0 282-282],[10-10/0 B1-282]
8RS8,219,A,PGSRXPKFKS,[9-9/0 210-210],[9-9/0 B1-210]
8RTE,712,A,ERPVGT,[6-6/0 350-350/0 350-350/0 6-6],[6-6/0 B1-350/0 C1-350/0 D1-6]
8RTZ,336,A,ACSFPKCPWVEGCAXX,[14-14/0 322-322],[14-14/0 B1-322]
8RYK,166,A,FWDSWGYWYGPWDXG,[13-13/0 153-153],[13-13/0 B1-153]
8S30,214,A,SMWSXM,[5-5/0 209-209],[5-5/0 B1-209]
8S6A,203,A,SEFFVDVM,[8-8/0 109-109/0 86-86],[8-8/0 B1-109/0 C1-86]
8S6O,121,A,DEFIYP,[6-6/0 115-115],[6-6/0 B1-115]
8SRV,312,A,GYMFYI,[6-6/0 306-306],[6-6/0 B1-44/B46-307]
8T0P,277,A,QSINDRALSLLQRTRATKX,[18-18/0 152-152/0 107-107],[18-18/0 B1-152/0 C1-107]
8TEC,878,A,AVTTVVNPXYEG,[11-11/0 448-448/0 419-419],[11-11/0 B1-448/0 C1-419]
8TFU,80,A,WMDFDDDIPF,[10-10/0 70-70],[10-10/0 B1-70]
8TH6,303,A,PQYIFGDFSPDEFNQFFV,[18-18/0 138-138/0 129-129/0 18-18],[18-18/0 B1-138/0 C1-129/0 D1-18]
8TTU,261,A,NIDIFAD,[7-7/0 254-254],[7-7/0 B1-148/B150-246/B248-256]
8U1Z,136,A,KHDPLPYPHFL,[11-11/0 125-125],[11-11/0 B1-125]
8UUI,438,A,RERCVRNYGHEFCQNWYW,[18-18/0 295-295/0 125-125],[18-18/0 B1-295/0 C1-125]
8V3O,477,A,EXGEDEA,[6-6/0 471-471],[6-6/0 B1-471]
8V8E,194,A,GTDTTLEHH,[9-9/0 185-185],[9-9/0 B1-185]
8VGC,158,A,QPISVTMVTP,[10-10/0 75-75/0 73-73],[10-10/0 B1-75/0 C1-73]
8VJU,671,A,FLRRIR,[6-6/0 665-665],[6-6/0 B1-665]
8VLD,116,A,ARTXQT,[5-5/0 53-53/0 53-53/0 5-5],[5-5/0 B1-53/0 C1-53/0 D1-3/D5-6]
8WKD,209,A,ASKDPGAVDAKPLVVEI,[17-17/0 192-192],[17-17/0 B1-192]
8WU0,102,A,GIVEQCCTSICSLYQLENYCG,[21-21/0 30-30/0 21-21/0 30-30],[21-21/0 B1-30/0 C1-21/0 D1-30]
8WXZ,1085,A,TQRFFE,[6-6/0 1079-1079],[6-6/0 B1-1079]
8XPF,602,A,WYGWASNDGEGVAII,[15-15/0 286-286/0 286-286/0 15-15],[15-15/0 B1-286/0 C1-286/0 D1-15]
8Y1U,423,A,RQELESLMKEQDLLETKLRSYER,[23-23/0 305-305/0 35-35/0 60-60],[23-23/0 B1-305/0 C1-35/0 D1-60]
8Y47,218,A,DPAISKDVVLSF,[12-12/0 206-206],[12-12/0 B1-206]
8YE8,259,A,HRXVLR,[5-5/0 126-126/0 128-128],[5-5/0 B1-126/0 C1-128]
8YM2,158,A,PLSFQNPLF,[9-9/0 149-149],[9-9/0 B1-149]
8YTE,112,A,GFFLYPHGFYGIVCXX,[14-14/0 98-98],[14-14/0 B1-98]
8YTH,76,A,RSSVITS,[7-7/0 69-69],[7-7/0 B1-69]
8YWB,343,A,PWSYYSY,[7-7/0 170-170/0 166-166],[7-7/0 B1-170/0 C1-166]
8ZLZ,275,A,FRENVNAIRPFGRRP,[15-15/0 130-130/0 130-130],[15-15/0 B1-130/0 C1-130]
8ZXR,106,A,VQKCAQCHTVQXX,[11-11/0 95-95],[11-11/0 B1-95]
9ARR,287,A,LTXPTLKRKXPFL,[11-11/0 138-138/0 138-138],[11-11/0 B1-138/0 C1-138]
9AX9,368,A,AKVQGP,[6-6/0 181-181/0 181-181],[6-6/0 B1-181/0 C1-181]
9BL6,647,A,TYQWIIRNW,[9-9/0 274-274/0 98-98/0 266-266],[9-9/0 B1-274/0 C1-98/0 D1-266]
9BT7,174,A,XXQFEQWHIRGRYAC,[13-13/0 161-161],[13-13/0 B1-161]
9BTN,508,A,FKDWYGEIWFDGVXXX,[13-13/0 495-495],[13-13/0 B1-495]
9C0O,71,A,ARTXQTARK,[8-8/0 63-63],[8-8/0 B1-63]
9CC6,150,A,PGFGVGRGLAP,[11-11/0 139-139],[11-11/0 B1-139]
9CS2,401,A,XFRRYXLDNYWVXYCGX,[13-13/0 388-388],[13-13/0 B1-388]
9DEM,341,A,XFLXNXXRGYXLCGKK,[11-11/0 330-330],[11-11/0 B1-330]
9DHK,290,A,XYRLWFFQTYKLPCX,[13-13/0 142-142/0 135-135],[13-13/0 B1-142/0 C1-135]
9DXU,242,A,XYIVKTFWLGSHRQCXX,[14-14/0 228-228],[14-14/0 B1-228]
9DZN,283,A,STGGKAPRX,[8-8/0 275-275],[8-8/0 B1-97/B99-276]
9E0V,214,A,GCIKKAVXFKC,[10-10/0 204-204],[10-10/0 B1-204]
9EAF,747,A,HHHSSGLV,[8-8/0 365-365/0 367-367/0 7-7],[8-8/0 B1-34/B36-366/0 C1-34/C36-368/0 D1-7]
9EBY,390,A,MRYLH,[5-5/0 385-385],[5-5/0 B1-385]
9F2M,114,A,DWEIV,[5-5/0 109-109],[5-5/0 B1-109]
9FXX,432,A,DYNPYCLYCKX,[10-10/0 422-422],[10-10/0 B1-422]
9G8H,623,A,SHSSGA,[6-6/0 617-617],[6-6/0 B1-617]
9GVU,391,A,LVGSRHTIAINXXRX,[12-12/0 184-184/0 183-183/0 12-12],[12-12/0 B1-184/0 C1-183/0 D1-11/D14-14]
9HDK,419,A,VAGATLPETIPTSKNYYLR,[19-19/0 400-400],[19-19/0 B1-400]
9HM2,183,A,SSRVPDLLV,[9-9/0 83-83/0 83-83/0 8-8],[9-9/0 B1-83/0 C1-83/0 D1-8]
9HY4,480,A,KAVYNFATM,[9-9/0 229-229/0 233-233/0 9-9],[9-9/0 B1-229/0 C1-233/0 D1-9]
9HYT,214,A,XCSDALCKFFRENTKCXX,[15-15/0 199-199],[15-15/0 B1-199]
9I0E,201,A,AAVSGVAATG,[10-10/0 191-191],[10-10/0 B1-191]
9I69,316,A,RAPXSD,[5-5/0 311-311],[5-5/0 B1-311]
9I92,717,A,ACKWENDIWHCMWMDCAXX,[17-17/0 550-550/0 150-150],[17-17/0 B1-550/0 C1-150]
9IWJ,235,A,GLEAIIRKALMGKY,[14-14/0 221-221],[14-14/0 B1-221]
9J54,210,A,QDDDIEVIV,[9-9/0 94-94/0 99-99/0 8-8],[9-9/0 B1-94/0 C1-99/0 D1-8]
9J5E,369,A,EPSILIDVPLY,[11-11/0 358-358],[11-11/0 B1-358]
9JUI,132,A,EEEFFDAHEX,[9-9/0 123-123],[9-9/0 B1-123]
9KZF,604,A,NSMLQ,[5-5/0 298-298/0 297-297/0 4-4],[5-5/0 B1-298/0 C1-297/0 D1-4]
9L4O,163,A,XSDRFV,[5-5/0 158-158],[5-5/0 B1-158]
9L5O,565,A,LSEPSQQVTEIYQHHAHQNGN,[21-21/0 532-532/0 12-12],[21-21/0 B1-532/0 C1-12]
9L5O_dup1,565,A,DYAPTKLLPQQP,[12-12/0 532-532/0 21-21],[12-12/0 B1-532/0 C1-21]
9M4R,55,A,ARTXQT,[5-5/0 50-50],[5-5/0 B1-50]
9MIN,629,A,SLLMWITQV,[9-9/0 275-275/0 101-101/0 128-128/0 116-116],[9-9/0 B1-275/0 C1-101/0 D1-128/0 E1-116]
9O5S,604,A,ELAGIGILTV,[10-10/0 276-276/0 99-99/0 117-117/0 102-102],[10-10/0 B1-276/0 C1-99/0 D1-117/0 E1-102]
9OJ3,95,A,RGVPHIVMVDAYKRYX,[15-15/0 80-80],[15-15/0 B1-80]
9PFP,155,A,RVYQGVRVKHTVKDLLAEKRSG,[22-22/0 133-133],[22-22/0 B1-133]
9PME,226,A,XSHLFWAQFDEYFX,[12-12/0 101-101/0 101-101/0 12-12],[12-12/0 B1-101/0 C1-101/0 D2-13]
9PMW,2726,A,XYLIRSSFNWFVFVEVPCX,[17-17/0 2428-2428/0 250-250/0 16-16/0 15-15],[17-17/0 B1-2428/0 C1-250/0 D3-18/0 E2-16]
9PMW_dup1,2726,A,XXDIWCETNKQTGILVLCX,[16-16/0 2428-2428/0 250-250/0 17-17/0 15-15],[16-16/0 B1-2428/0 C1-250/0 D2-18/0 E2-16]
9PMW_dup2,2726,A,XYTARYLTLGTLHYKCX,[15-15/0 2428-2428/0 250-250/0 17-17/0 16-16],[15-15/0 B1-2428/0 C1-250/0 D2-18/0 E3-18]
9PN0,2593,A,XXDIWCETNKQTGILVLCX,[16-16/0 2296-2296/0 250-250/0 16-16/0 15-15],[16-16/0 B1-2296/0 C1-250/0 D3-18/0 E2-16]
9PN0_dup1,2593,A,XXTRHWQNNWWILYHEFCX,[16-16/0 2296-2296/0 250-250/0 16-16/0 15-15],[16-16/0 B1-2296/0 C1-250/0 D3-18/0 E2-16]
9PN0_dup2,2593,A,XYTARYLTLGTLHYKCX,[15-15/0 2296-2296/0 250-250/0 16-16/0 16-16],[15-15/0 B1-2296/0 C1-250/0 D3-18/0 E3-18]
9QH3,1684,A,VPANATGRALNDPREKRRLQREAER,[25-25/0 553-553/0 553-553/0 553-553],[25-25/0 B1-553/0 C1-553/0 D1-553]
9QM9,167,A,GYTEQGQEAL,[10-10/0 76-76/0 81-81],[10-10/0 B1-76/0 C1-81]
9V7W,308,A,PRKQLAX,[6-6/0 302-302],[6-6/0 B1-302]
9VXG,147,A,GRNDPCPCGSGKKFKK,[16-16/0 131-131],[16-16/0 B1-131]
9Y6C,323,A,XCVERFCDXYXEYPXXXX,[11-11/0 312-312],[11-11/0 B1-312]
